entity_id,display_name,entity_type,jurisdiction,risk_rating,relative_path,filename,category,document_type,source_system,captured_at,retention_class,sensitivity,legal_hold_status,snapshot_id,snapshot_type,sha256,missing_flag,file_path
NTC-0001,Amelia Le Page,Individual,Guernsey,High,legacy_customer_folders/NTC-0001/customer_metadata.json,customer_metadata.json,Metadata,Customer Metadata,Legacy CRM Export,2026-01-13,Permanent,Internal,None,ONBOARDING,Onboarding,d63b03a44ca0f85e248dfef91298cc5016945f13b72f975bfe96bd1e0a6ca995,No,legacy_customer_folders/NTC-0001/customer_metadata.json
NTC-0001,Amelia Le Page,Individual,Guernsey,High,legacy_customer_folders/NTC-0001/01_onboarding/account_opening_application.pdf,account_opening_application.pdf,Onboarding,Application,Legacy Onboarding Portal,2026-01-13,CDD,Confidential,None,ONBOARDING,Onboarding,7b38cda86eaaccb8068e7be9e126c2807e6ebfba30db03f402ecb41b35b52d4c,No,legacy_customer_folders/NTC-0001/01_onboarding/account_opening_application.pdf
NTC-0001,Amelia Le Page,Individual,Guernsey,High,legacy_customer_folders/NTC-0001/02_cdd/cdd_risk_review.pdf,cdd_risk_review.pdf,Due Diligence,CDD Review,AML Platform,2026-01-14,CDD,Confidential,None,CDD_REVIEW_2026,CDD Review,d22e40c9f019dcc232c31ca782f734391d59f19ac99c4eda836601fb9d3b440c,No,legacy_customer_folders/NTC-0001/02_cdd/cdd_risk_review.pdf
NTC-0001,Amelia Le Page,Individual,Guernsey,High,legacy_customer_folders/NTC-0001/03_identity/passport_scan.jpg,passport_scan.jpg,Identity,Passport / ID,Document Store,2026-01-13,CDD,Confidential,None,ONBOARDING,Onboarding,0cc4c7ee50eaf8af90af0ecb3e6cf6a0a759bef28ee31ee3b3b25cb568032a56,No,legacy_customer_folders/NTC-0001/03_identity/passport_scan.jpg
NTC-0001,Amelia Le Page,Individual,Guernsey,High,legacy_customer_folders/NTC-0001/03_identity/passport_scan.pdf,passport_scan.pdf,Identity,Passport / ID,Document Store,2026-01-13,CDD,Confidential,None,ONBOARDING,Onboarding,de2060ec69d6077359aebf4da33c483aaba5214abe0f76ac86c7dab699e01496,No,legacy_customer_folders/NTC-0001/03_identity/passport_scan.pdf
NTC-0001,Amelia Le Page,Individual,Guernsey,High,legacy_customer_folders/NTC-0001/04_address/proof_of_address_utility_bill.pdf,proof_of_address_utility_bill.pdf,Address,Proof of Address,Document Store,2026-01-15,CDD,Confidential,None,ONBOARDING,Onboarding,4bfda4f5ed5195778995d64656e57a9abd57a2d62adf7b613696a0bfda023752,No,legacy_customer_folders/NTC-0001/04_address/proof_of_address_utility_bill.pdf
NTC-0001,Amelia Le Page,Individual,Guernsey,High,legacy_customer_folders/NTC-0001/05_source_of_wealth/source_of_wealth_scan.jpg,source_of_wealth_scan.jpg,Due Diligence,Source of Wealth,AML Platform,2026-01-16,CDD,Confidential,None,CDD_REVIEW_2026,CDD Review,a6e3b3b4f17d86749d56a453e3cf8af57200c7ceee5a3c56929ac1d5e201b854,No,legacy_customer_folders/NTC-0001/05_source_of_wealth/source_of_wealth_scan.jpg
NTC-0001,Amelia Le Page,Individual,Guernsey,High,legacy_customer_folders/NTC-0001/05_source_of_wealth/source_of_wealth_scan.pdf,source_of_wealth_scan.pdf,Due Diligence,Source of Wealth,AML Platform,2026-01-16,CDD,Confidential,None,CDD_REVIEW_2026,CDD Review,2a1fd3b7f89b1428d598c999d15704e6510030c45223f383f4c7e14edf5b87aa,No,legacy_customer_folders/NTC-0001/05_source_of_wealth/source_of_wealth_scan.pdf
NTC-0001,Amelia Le Page,Individual,Guernsey,High,legacy_customer_folders/NTC-0001/05_source_of_wealth/source_of_funds_statement.pdf,source_of_funds_statement.pdf,Due Diligence,Source of Funds,AML Platform,2026-01-17,CDD,Confidential,None,CDD_REVIEW_2026,CDD Review,629153b43788155617d82d4d10e1b39d2781f9e813acad928fe31d8e5cbb3f70,No,legacy_customer_folders/NTC-0001/05_source_of_wealth/source_of_funds_statement.pdf
NTC-0001,Amelia Le Page,Individual,Guernsey,High,legacy_customer_folders/NTC-0001/08_screening/pep_sanctions_screening.pdf,pep_sanctions_screening.pdf,Screening,Screening Evidence,Screening Provider,2026-01-14,CDD,Confidential,None,ONBOARDING,Onboarding,02b798f3d262282e44313c6cfef3be766555d108494389c0319bde0b14265228,No,legacy_customer_folders/NTC-0001/08_screening/pep_sanctions_screening.pdf
NTC-0001,Amelia Le Page,Individual,Guernsey,High,legacy_customer_folders/NTC-0001/02_cdd/edd_approval.pdf,edd_approval.pdf,Due Diligence,EDD Approval,AML Platform,2026-01-19,CDD,Confidential,None,CDD_REVIEW_2026,CDD Review,e1bbfcb918426facce9d136016d678b9edeb948d662d3a68e7b7258b4154de39,No,legacy_customer_folders/NTC-0001/02_cdd/edd_approval.pdf
NTC-0001,Amelia Le Page,Individual,Guernsey,High,legacy_customer_folders/NTC-0001/06_statements/statement_2026_01.pdf,statement_2026_01.pdf,Statements,Monthly Statement,Statement Engine,2026-01-28,CDD,Confidential,None,STATEMENTS_2026_Q1,Statements,5bde81e66242a988f17544d9b85cc2844c90dccbf558622fcef7e6c1dc756351,No,legacy_customer_folders/NTC-0001/06_statements/statement_2026_01.pdf
NTC-0001,Amelia Le Page,Individual,Guernsey,High,legacy_customer_folders/NTC-0001/06_statements/statement_2026_02.pdf,statement_2026_02.pdf,Statements,Monthly Statement,Statement Engine,2026-02-28,CDD,Confidential,None,STATEMENTS_2026_Q1,Statements,fd21ee779d9a9e306cffd274d0f5efe2e8ff0d8d57a3b153fe642f8b8b7d1186,No,legacy_customer_folders/NTC-0001/06_statements/statement_2026_02.pdf
NTC-0001,Amelia Le Page,Individual,Guernsey,High,legacy_customer_folders/NTC-0001/06_statements/statement_2026_03.pdf,statement_2026_03.pdf,Statements,Monthly Statement,Statement Engine,2026-03-28,CDD,Confidential,None,STATEMENTS_2026_Q1,Statements,56c7df85e6dd54fcc019d8e96147e3b62fda660b1f010950e8dd48c9fae76819,No,legacy_customer_folders/NTC-0001/06_statements/statement_2026_03.pdf
NTC-0001,Amelia Le Page,Individual,Guernsey,High,legacy_customer_folders/NTC-0001/10_transactions/transactions_q1_2026.csv,transactions_q1_2026.csv,Transactions,Transaction Extract,Core Banking Export,2026-03-31,CDD,Confidential,None,TRANSACTIONS_2026_Q1,Transactions,a9cac8f827a8fe8a35eb326bf409f942bf6ac23200e7e5db228260cd2d9d902d,No,legacy_customer_folders/NTC-0001/10_transactions/transactions_q1_2026.csv
NTC-0001,Amelia Le Page,Individual,Guernsey,High,legacy_customer_folders/NTC-0001/07_correspondence/follow_up_documentation.eml,follow_up_documentation.eml,Correspondence,Customer Correspondence,Email Archive,2026-01-18,CDD,Confidential,None,CORRESPONDENCE_2026,Correspondence,9354530136caff8dd8629b046e9ff0eda07677684a0c78819b4457259547dc14,No,legacy_customer_folders/NTC-0001/07_correspondence/follow_up_documentation.eml
NTC-0001,Amelia Le Page,Individual,Guernsey,High,legacy_customer_folders/NTC-0001/10_transactions/legacy_archive_payload.bin,legacy_archive_payload.bin,Archive,Legacy Binary Payload,Legacy Archive Export,2026-01-13,Archive,Restricted,None,LEGACY_BULK,Legacy Archive,1f45af341056207a1bd7f50b72c190923127bdf3ddbbb83ee8e15c85a1464eec,No,legacy_customer_folders/NTC-0001/10_transactions/legacy_archive_payload.bin
NTC-0002,Oliver Hartley,Individual,Guernsey,High,legacy_customer_folders/NTC-0002/customer_metadata.json,customer_metadata.json,Metadata,Customer Metadata,Legacy CRM Export,2026-01-10,Permanent,Internal,None,ONBOARDING,Onboarding,d36a95ae45e7909340a186c5a023ba7f8a8ba0d45c62645c8995c039513ffa0e,No,legacy_customer_folders/NTC-0002/customer_metadata.json
NTC-0002,Oliver Hartley,Individual,Guernsey,High,legacy_customer_folders/NTC-0002/01_onboarding/account_opening_application.pdf,account_opening_application.pdf,Onboarding,Application,Legacy Onboarding Portal,2026-01-10,CDD,Confidential,None,ONBOARDING,Onboarding,013e073342f73bf346ee8d7bf9108345f781c36def39a8331221434ed1148c64,No,legacy_customer_folders/NTC-0002/01_onboarding/account_opening_application.pdf
NTC-0002,Oliver Hartley,Individual,Guernsey,High,legacy_customer_folders/NTC-0002/02_cdd/cdd_risk_review.pdf,cdd_risk_review.pdf,Due Diligence,CDD Review,AML Platform,2026-01-11,CDD,Confidential,None,CDD_REVIEW_2026,CDD Review,24fe7db67953c1cabd561f032132e522e2ce81005dd89d54d64df14c1a2bf6a3,No,legacy_customer_folders/NTC-0002/02_cdd/cdd_risk_review.pdf
NTC-0002,Oliver Hartley,Individual,Guernsey,High,legacy_customer_folders/NTC-0002/03_identity/passport_scan.jpg,passport_scan.jpg,Identity,Passport / ID,Document Store,2026-01-10,CDD,Confidential,None,ONBOARDING,Onboarding,3c47f04f14f1d5b27f154f0c0d482d6d38f7cc66ca706b0f666efc8b1db0133b,No,legacy_customer_folders/NTC-0002/03_identity/passport_scan.jpg
NTC-0002,Oliver Hartley,Individual,Guernsey,High,legacy_customer_folders/NTC-0002/03_identity/passport_scan.pdf,passport_scan.pdf,Identity,Passport / ID,Document Store,2026-01-10,CDD,Confidential,None,ONBOARDING,Onboarding,f5e838c23d1ae55b3cc1c2848f0959a895654b70498a4fd37b7f71786389d1af,No,legacy_customer_folders/NTC-0002/03_identity/passport_scan.pdf
NTC-0002,Oliver Hartley,Individual,Guernsey,High,legacy_customer_folders/NTC-0002/05_source_of_wealth/source_of_wealth_scan.jpg,source_of_wealth_scan.jpg,Due Diligence,Source of Wealth,AML Platform,2026-01-13,CDD,Confidential,None,CDD_REVIEW_2026,CDD Review,7f64c3790630656390f0b17a0edf73980d79fc47e364ccd55d33e386b65ce50c,No,legacy_customer_folders/NTC-0002/05_source_of_wealth/source_of_wealth_scan.jpg
NTC-0002,Oliver Hartley,Individual,Guernsey,High,legacy_customer_folders/NTC-0002/05_source_of_wealth/source_of_wealth_scan.pdf,source_of_wealth_scan.pdf,Due Diligence,Source of Wealth,AML Platform,2026-01-13,CDD,Confidential,None,CDD_REVIEW_2026,CDD Review,99b4ce17b1300a1d8b5d64aaa3454bc412e28d48cc66ba107c6b076a735949da,No,legacy_customer_folders/NTC-0002/05_source_of_wealth/source_of_wealth_scan.pdf
NTC-0002,Oliver Hartley,Individual,Guernsey,High,legacy_customer_folders/NTC-0002/05_source_of_wealth/source_of_funds_statement.pdf,source_of_funds_statement.pdf,Due Diligence,Source of Funds,AML Platform,2026-01-14,CDD,Confidential,None,CDD_REVIEW_2026,CDD Review,0d5d1754b62deb6f75a28645ad7dc36f251d5d6ac76398ddf7b4b94ad5d5ed9f,No,legacy_customer_folders/NTC-0002/05_source_of_wealth/source_of_funds_statement.pdf
NTC-0002,Oliver Hartley,Individual,Guernsey,High,legacy_customer_folders/NTC-0002/08_screening/pep_sanctions_screening.pdf,pep_sanctions_screening.pdf,Screening,Screening Evidence,Screening Provider,2026-01-11,CDD,Confidential,None,ONBOARDING,Onboarding,9799d82c265de79dc9606de6dd096a73ce8874b56191678ff318d0e0be56582b,No,legacy_customer_folders/NTC-0002/08_screening/pep_sanctions_screening.pdf
NTC-0002,Oliver Hartley,Individual,Guernsey,High,legacy_customer_folders/NTC-0002/02_cdd/edd_approval.pdf,edd_approval.pdf,Due Diligence,EDD Approval,AML Platform,2026-01-16,CDD,Confidential,None,CDD_REVIEW_2026,CDD Review,e4cc770e2104617281395922feafa8c4e6defa7a968dd039ea0e457263cf9261,No,legacy_customer_folders/NTC-0002/02_cdd/edd_approval.pdf
NTC-0002,Oliver Hartley,Individual,Guernsey,High,legacy_customer_folders/NTC-0002/06_statements/statement_2026_01.pdf,statement_2026_01.pdf,Statements,Monthly Statement,Statement Engine,2026-01-28,CDD,Confidential,None,STATEMENTS_2026_Q1,Statements,79a99dad47341c9fd007b532afa1c80a9e89ee7cfcfc397b8a89f549398d3a6c,No,legacy_customer_folders/NTC-0002/06_statements/statement_2026_01.pdf
NTC-0002,Oliver Hartley,Individual,Guernsey,High,legacy_customer_folders/NTC-0002/06_statements/statement_2026_02.pdf,statement_2026_02.pdf,Statements,Monthly Statement,Statement Engine,2026-02-28,CDD,Confidential,None,STATEMENTS_2026_Q1,Statements,9c64562ec72eab386b8073b3fe205a1ee7788b51eeffb32dfb34a678125cc3f0,No,legacy_customer_folders/NTC-0002/06_statements/statement_2026_02.pdf
NTC-0002,Oliver Hartley,Individual,Guernsey,High,legacy_customer_folders/NTC-0002/06_statements/statement_2026_03.pdf,statement_2026_03.pdf,Statements,Monthly Statement,Statement Engine,2026-03-28,CDD,Confidential,None,STATEMENTS_2026_Q1,Statements,2c0cf7df93fbad9625d36ce70f2b26dccd90bf5e01c3b31537424f8d3dca7a55,No,legacy_customer_folders/NTC-0002/06_statements/statement_2026_03.pdf
NTC-0002,Oliver Hartley,Individual,Guernsey,High,legacy_customer_folders/NTC-0002/10_transactions/transactions_q1_2026.csv,transactions_q1_2026.csv,Transactions,Transaction Extract,Core Banking Export,2026-03-31,CDD,Confidential,None,TRANSACTIONS_2026_Q1,Transactions,347e399e25fdd3c08b89b9803b619a62fda14917dd04ce0c983b649fcbfa3e5d,No,legacy_customer_folders/NTC-0002/10_transactions/transactions_q1_2026.csv
NTC-0002,Oliver Hartley,Individual,Guernsey,High,legacy_customer_folders/NTC-0002/07_correspondence/follow_up_documentation.eml,follow_up_documentation.eml,Correspondence,Customer Correspondence,Email Archive,2026-01-15,CDD,Confidential,None,CORRESPONDENCE_2026,Correspondence,51f421c52f414bcfe4ef567f7bae0ebd797c1a0a814a64c2dde7b9228cb24f7a,No,legacy_customer_folders/NTC-0002/07_correspondence/follow_up_documentation.eml
NTC-0002,Oliver Hartley,Individual,Guernsey,High,legacy_customer_folders/NTC-0002/10_transactions/legacy_archive_payload.bin,legacy_archive_payload.bin,Archive,Legacy Binary Payload,Legacy Archive Export,2026-01-10,Archive,Restricted,None,LEGACY_BULK,Legacy Archive,b81b6ca18ca0a2fca16f09a0aaa08c327cd4efd2747eca6295574ebe861764fe,No,legacy_customer_folders/NTC-0002/10_transactions/legacy_archive_payload.bin
NTC-0003,Charlotte Ferbrache,Individual,Jersey,Medium,legacy_customer_folders/NTC-0003/customer_metadata.json,customer_metadata.json,Metadata,Customer Metadata,Legacy CRM Export,2026-01-07,Permanent,Internal,None,ONBOARDING,Onboarding,fa62a12dc8adfebdf297c1d35a13a657444b936c7c2bbd16fc630a37223ffb7a,No,legacy_customer_folders/NTC-0003/customer_metadata.json
NTC-0003,Charlotte Ferbrache,Individual,Jersey,Medium,legacy_customer_folders/NTC-0003/01_onboarding/account_opening_application.pdf,account_opening_application.pdf,Onboarding,Application,Legacy Onboarding Portal,2026-01-07,CDD,Confidential,None,ONBOARDING,Onboarding,f02b3f1a602af8a2bd09d8634265e64e3d60bc7efeaa023666c69090599114a3,No,legacy_customer_folders/NTC-0003/01_onboarding/account_opening_application.pdf
NTC-0003,Charlotte Ferbrache,Individual,Jersey,Medium,legacy_customer_folders/NTC-0003/02_cdd/cdd_risk_review.pdf,cdd_risk_review.pdf,Due Diligence,CDD Review,AML Platform,2026-01-08,CDD,Confidential,None,CDD_REVIEW_2026,CDD Review,7614943988a798fd339904e060539296984035060da90a0fe4172a7c2f2621cf,No,legacy_customer_folders/NTC-0003/02_cdd/cdd_risk_review.pdf
NTC-0003,Charlotte Ferbrache,Individual,Jersey,Medium,legacy_customer_folders/NTC-0003/03_identity/passport_scan.jpg,passport_scan.jpg,Identity,Passport / ID,Document Store,2026-01-07,CDD,Confidential,None,ONBOARDING,Onboarding,0a7f0607bec4e9fd0a7d8563119a93a168b6f7f687091369492f15e1aef28ce1,No,legacy_customer_folders/NTC-0003/03_identity/passport_scan.jpg
NTC-0003,Charlotte Ferbrache,Individual,Jersey,Medium,legacy_customer_folders/NTC-0003/03_identity/passport_scan.pdf,passport_scan.pdf,Identity,Passport / ID,Document Store,2026-01-07,CDD,Confidential,None,ONBOARDING,Onboarding,64369c8f5c04f0daf59fe392dfff5283f926bf55420626b2484a91ab75a7c3e1,No,legacy_customer_folders/NTC-0003/03_identity/passport_scan.pdf
NTC-0003,Charlotte Ferbrache,Individual,Jersey,Medium,legacy_customer_folders/NTC-0003/04_address/proof_of_address_utility_bill.pdf,proof_of_address_utility_bill.pdf,Address,Proof of Address,Document Store,2026-01-09,CDD,Confidential,None,ONBOARDING,Onboarding,7e1b621ef949445cea487baf66ed5811d0e97283d2184260d64bb323a84c2593,No,legacy_customer_folders/NTC-0003/04_address/proof_of_address_utility_bill.pdf
NTC-0003,Charlotte Ferbrache,Individual,Jersey,Medium,legacy_customer_folders/NTC-0003/05_source_of_wealth/source_of_wealth_scan.jpg,source_of_wealth_scan.jpg,Due Diligence,Source of Wealth,AML Platform,2026-01-10,CDD,Confidential,None,CDD_REVIEW_2026,CDD Review,75bf967d8f7ea0c7e53423b2d40e36d5aff0e623e89517890cb7b4ef6501d2b6,No,legacy_customer_folders/NTC-0003/05_source_of_wealth/source_of_wealth_scan.jpg
NTC-0003,Charlotte Ferbrache,Individual,Jersey,Medium,legacy_customer_folders/NTC-0003/05_source_of_wealth/source_of_wealth_scan.pdf,source_of_wealth_scan.pdf,Due Diligence,Source of Wealth,AML Platform,2026-01-10,CDD,Confidential,None,CDD_REVIEW_2026,CDD Review,e4b9df49aaa6130b3801aa1ebcc6d2c87b8cd60b6b04fdc663fb731c375009d1,No,legacy_customer_folders/NTC-0003/05_source_of_wealth/source_of_wealth_scan.pdf
NTC-0003,Charlotte Ferbrache,Individual,Jersey,Medium,legacy_customer_folders/NTC-0003/05_source_of_wealth/source_of_funds_statement.pdf,source_of_funds_statement.pdf,Due Diligence,Source of Funds,AML Platform,2026-01-11,CDD,Confidential,None,CDD_REVIEW_2026,CDD Review,79595255a6a57322c4acf91d7de58f2ea9ae2610af6f11195ed8c042c36825b7,No,legacy_customer_folders/NTC-0003/05_source_of_wealth/source_of_funds_statement.pdf
NTC-0003,Charlotte Ferbrache,Individual,Jersey,Medium,legacy_customer_folders/NTC-0003/08_screening/pep_sanctions_screening.pdf,pep_sanctions_screening.pdf,Screening,Screening Evidence,Screening Provider,2026-01-08,CDD,Confidential,None,ONBOARDING,Onboarding,a048c6151d366ac24af1085459e3a6ad23353386315cd72e4e622ebd1b2d2933,No,legacy_customer_folders/NTC-0003/08_screening/pep_sanctions_screening.pdf
NTC-0003,Charlotte Ferbrache,Individual,Jersey,Medium,legacy_customer_folders/NTC-0003/06_statements/statement_2026_01.pdf,statement_2026_01.pdf,Statements,Monthly Statement,Statement Engine,2026-01-28,CDD,Confidential,None,STATEMENTS_2026_Q1,Statements,4d297eccaaf9800cc23f5851238a3ec79cf76a8fec32d80207726e99d61ec18a,No,legacy_customer_folders/NTC-0003/06_statements/statement_2026_01.pdf
NTC-0003,Charlotte Ferbrache,Individual,Jersey,Medium,legacy_customer_folders/NTC-0003/06_statements/statement_2026_02.pdf,statement_2026_02.pdf,Statements,Monthly Statement,Statement Engine,2026-02-28,CDD,Confidential,None,STATEMENTS_2026_Q1,Statements,dd54f43271a535ee3bed5cbbf9407b97311de2db515d78e8a3ac9435930cd26b,No,legacy_customer_folders/NTC-0003/06_statements/statement_2026_02.pdf
NTC-0003,Charlotte Ferbrache,Individual,Jersey,Medium,legacy_customer_folders/NTC-0003/06_statements/statement_2026_03.pdf,statement_2026_03.pdf,Statements,Monthly Statement,Statement Engine,2026-03-28,CDD,Confidential,None,STATEMENTS_2026_Q1,Statements,55867a0d138897af8dcdd5ce78d9e20a36efbfaa78eb48056c9fe931790b64cd,No,legacy_customer_folders/NTC-0003/06_statements/statement_2026_03.pdf
NTC-0003,Charlotte Ferbrache,Individual,Jersey,Medium,legacy_customer_folders/NTC-0003/10_transactions/transactions_q1_2026.csv,transactions_q1_2026.csv,Transactions,Transaction Extract,Core Banking Export,2026-03-31,CDD,Confidential,None,TRANSACTIONS_2026_Q1,Transactions,2b0cc38c1e1d7fe14c75f8d07f885da49ed0503bc3aa3414f06e7e9506ce1b5d,No,legacy_customer_folders/NTC-0003/10_transactions/transactions_q1_2026.csv
NTC-0003,Charlotte Ferbrache,Individual,Jersey,Medium,legacy_customer_folders/NTC-0003/07_correspondence/follow_up_documentation.eml,follow_up_documentation.eml,Correspondence,Customer Correspondence,Email Archive,2026-01-12,CDD,Confidential,None,CORRESPONDENCE_2026,Correspondence,55ff52439e7d5bbbfe881aa677f5b334a2b4ecceb402ccebc0451cf3380b5d4d,No,legacy_customer_folders/NTC-0003/07_correspondence/follow_up_documentation.eml
NTC-0003,Charlotte Ferbrache,Individual,Jersey,Medium,legacy_customer_folders/NTC-0003/10_transactions/legacy_archive_payload.bin,legacy_archive_payload.bin,Archive,Legacy Binary Payload,Legacy Archive Export,2026-01-07,Archive,Restricted,None,LEGACY_BULK,Legacy Archive,26ef2d260b6a5a8e4d1f6161e56695c4e99a8e1374071ad993a824190f3ee277,No,legacy_customer_folders/NTC-0003/10_transactions/legacy_archive_payload.bin
NTC-0004,Noah Carey,Individual,United Kingdom,Low,legacy_customer_folders/NTC-0004/customer_metadata.json,customer_metadata.json,Metadata,Customer Metadata,Legacy CRM Export,2026-01-04,Permanent,Internal,None,ONBOARDING,Onboarding,a6f39e8912219ec25e31a185bd4150db83d7d8553bc49085ebe1e8ce1e169ceb,No,legacy_customer_folders/NTC-0004/customer_metadata.json
NTC-0004,Noah Carey,Individual,United Kingdom,Low,legacy_customer_folders/NTC-0004/01_onboarding/account_opening_application.pdf,account_opening_application.pdf,Onboarding,Application,Legacy Onboarding Portal,2026-01-04,CDD,Confidential,None,ONBOARDING,Onboarding,c13352a80bf1cad918809a8c8b341b3dad5c9cafdc57935bb24542d1233fb2a0,No,legacy_customer_folders/NTC-0004/01_onboarding/account_opening_application.pdf
NTC-0004,Noah Carey,Individual,United Kingdom,Low,legacy_customer_folders/NTC-0004/02_cdd/cdd_risk_review.pdf,cdd_risk_review.pdf,Due Diligence,CDD Review,AML Platform,2026-01-05,CDD,Confidential,None,CDD_REVIEW_2026,CDD Review,83a6f64e8481a33aaabe0ea9a5d3737d3389934c18bb326472c86978f04a0009,No,legacy_customer_folders/NTC-0004/02_cdd/cdd_risk_review.pdf
NTC-0004,Noah Carey,Individual,United Kingdom,Low,legacy_customer_folders/NTC-0004/03_identity/passport_scan.jpg,passport_scan.jpg,Identity,Passport / ID,Document Store,2026-01-04,CDD,Confidential,None,ONBOARDING,Onboarding,6a2003278da0c0693bf6f061b5a544e370fcbfca5dc3dad34135e5b0d306ae94,No,legacy_customer_folders/NTC-0004/03_identity/passport_scan.jpg
NTC-0004,Noah Carey,Individual,United Kingdom,Low,legacy_customer_folders/NTC-0004/03_identity/passport_scan.pdf,passport_scan.pdf,Identity,Passport / ID,Document Store,2026-01-04,CDD,Confidential,None,ONBOARDING,Onboarding,9fb2310229c9aff07c3ea563b74ef8ff830655d2ae996fd095e32dcdd0113585,No,legacy_customer_folders/NTC-0004/03_identity/passport_scan.pdf
NTC-0004,Noah Carey,Individual,United Kingdom,Low,legacy_customer_folders/NTC-0004/04_address/proof_of_address_utility_bill.pdf,proof_of_address_utility_bill.pdf,Address,Proof of Address,Document Store,2026-01-06,CDD,Confidential,None,ONBOARDING,Onboarding,1ea7678a85a58e35b588f1ca270d9e5d057b6c75772bcc96702432e6d5207184,No,legacy_customer_folders/NTC-0004/04_address/proof_of_address_utility_bill.pdf
NTC-0004,Noah Carey,Individual,United Kingdom,Low,legacy_customer_folders/NTC-0004/05_source_of_wealth/source_of_wealth_scan.jpg,source_of_wealth_scan.jpg,Due Diligence,Source of Wealth,AML Platform,2026-01-07,CDD,Confidential,None,CDD_REVIEW_2026,CDD Review,3b829e527931d3f3a6804307c0ebb013365fc25c93d61636919d487f8585b7c9,No,legacy_customer_folders/NTC-0004/05_source_of_wealth/source_of_wealth_scan.jpg
NTC-0004,Noah Carey,Individual,United Kingdom,Low,legacy_customer_folders/NTC-0004/05_source_of_wealth/source_of_wealth_scan.pdf,source_of_wealth_scan.pdf,Due Diligence,Source of Wealth,AML Platform,2026-01-07,CDD,Confidential,None,CDD_REVIEW_2026,CDD Review,b6d1d607415f88120d1b97d4f5c479ce260bbccc71e7c934aa4578eac3dc1121,No,legacy_customer_folders/NTC-0004/05_source_of_wealth/source_of_wealth_scan.pdf
NTC-0004,Noah Carey,Individual,United Kingdom,Low,legacy_customer_folders/NTC-0004/08_screening/pep_sanctions_screening.pdf,pep_sanctions_screening.pdf,Screening,Screening Evidence,Screening Provider,2026-01-05,CDD,Confidential,None,ONBOARDING,Onboarding,2e205c285270456f4c43ffa6fb3528061c9eda7b6d3d0e399fc2cead07ba255d,No,legacy_customer_folders/NTC-0004/08_screening/pep_sanctions_screening.pdf
NTC-0004,Noah Carey,Individual,United Kingdom,Low,legacy_customer_folders/NTC-0004/06_statements/statement_2026_01.pdf,statement_2026_01.pdf,Statements,Monthly Statement,Statement Engine,2026-01-28,CDD,Confidential,None,STATEMENTS_2026_Q1,Statements,9b2b867ef168d56bc7fe8e68607dc30218a26f9a289b8ffd86159b3d0ec84c8a,No,legacy_customer_folders/NTC-0004/06_statements/statement_2026_01.pdf
NTC-0004,Noah Carey,Individual,United Kingdom,Low,legacy_customer_folders/NTC-0004/06_statements/statement_2026_02.pdf,statement_2026_02.pdf,Statements,Monthly Statement,Statement Engine,2026-02-28,CDD,Confidential,None,STATEMENTS_2026_Q1,Statements,393a07edaecd04bd6e60f991cfe8aa87cf2f13056eb2cde832e6dc767c26941e,No,legacy_customer_folders/NTC-0004/06_statements/statement_2026_02.pdf
NTC-0004,Noah Carey,Individual,United Kingdom,Low,legacy_customer_folders/NTC-0004/06_statements/statement_2026_03.pdf,statement_2026_03.pdf,Statements,Monthly Statement,Statement Engine,2026-03-28,CDD,Confidential,None,STATEMENTS_2026_Q1,Statements,5f9508bf232180652861b8bed69494914810aaa86b1c8520330d7cc68396ffd3,No,legacy_customer_folders/NTC-0004/06_statements/statement_2026_03.pdf
NTC-0004,Noah Carey,Individual,United Kingdom,Low,legacy_customer_folders/NTC-0004/10_transactions/transactions_q1_2026.csv,transactions_q1_2026.csv,Transactions,Transaction Extract,Core Banking Export,2026-03-31,CDD,Confidential,None,TRANSACTIONS_2026_Q1,Transactions,fa97dde31a0d49cb43d8c41d1ba378039068f34e8d5abd4c8dd6880e1d91b1fc,No,legacy_customer_folders/NTC-0004/10_transactions/transactions_q1_2026.csv
NTC-0004,Noah Carey,Individual,United Kingdom,Low,legacy_customer_folders/NTC-0004/07_correspondence/follow_up_documentation.eml,follow_up_documentation.eml,Correspondence,Customer Correspondence,Email Archive,2026-01-09,CDD,Confidential,None,CORRESPONDENCE_2026,Correspondence,f356cfce477e0b0a179e77dfef4e3c25a5f82936d5abdf853ee2fa5968afaf1a,No,legacy_customer_folders/NTC-0004/07_correspondence/follow_up_documentation.eml
NTC-0004,Noah Carey,Individual,United Kingdom,Low,legacy_customer_folders/NTC-0004/10_transactions/legacy_archive_payload.bin,legacy_archive_payload.bin,Archive,Legacy Binary Payload,Legacy Archive Export,2026-01-04,Archive,Restricted,None,LEGACY_BULK,Legacy Archive,cf5eec7f1428da44fd4fcff05ae1a62ce4fce39d4dcfafec84202bb7f86f6689,No,legacy_customer_folders/NTC-0004/10_transactions/legacy_archive_payload.bin
NTC-0005,Sophie Morgan,Individual,Guernsey,High,legacy_customer_folders/NTC-0005/customer_metadata.json,customer_metadata.json,Metadata,Customer Metadata,Legacy CRM Export,2026-01-01,Permanent,Internal,None,ONBOARDING,Onboarding,02d25c89e9ebf68c5fafb20c5547913203adcad1babdf3ddbf9c8e7724483b39,No,legacy_customer_folders/NTC-0005/customer_metadata.json
NTC-0005,Sophie Morgan,Individual,Guernsey,High,legacy_customer_folders/NTC-0005/01_onboarding/account_opening_application.pdf,account_opening_application.pdf,Onboarding,Application,Legacy Onboarding Portal,2026-01-01,CDD,Confidential,None,ONBOARDING,Onboarding,26d285fb90b14869b0df6d9eb16f7f0b4ce436648b2aad615a2b0dd758ff1a8b,No,legacy_customer_folders/NTC-0005/01_onboarding/account_opening_application.pdf
NTC-0005,Sophie Morgan,Individual,Guernsey,High,legacy_customer_folders/NTC-0005/02_cdd/cdd_risk_review.pdf,cdd_risk_review.pdf,Due Diligence,CDD Review,AML Platform,2026-01-02,CDD,Confidential,None,CDD_REVIEW_2026,CDD Review,79a01302a639e954d1688eb4bacca5be9fa78dd5967d36bd00f808f0627d81fb,No,legacy_customer_folders/NTC-0005/02_cdd/cdd_risk_review.pdf
NTC-0005,Sophie Morgan,Individual,Guernsey,High,legacy_customer_folders/NTC-0005/03_identity/passport_scan.jpg,passport_scan.jpg,Identity,Passport / ID,Document Store,2026-01-01,CDD,Confidential,None,ONBOARDING,Onboarding,2a666ea0a2b3d6ca8b5ff204d10fe6b51c21d606d9200d761432ba3736bda003,No,legacy_customer_folders/NTC-0005/03_identity/passport_scan.jpg
NTC-0005,Sophie Morgan,Individual,Guernsey,High,legacy_customer_folders/NTC-0005/03_identity/passport_scan.pdf,passport_scan.pdf,Identity,Passport / ID,Document Store,2026-01-01,CDD,Confidential,None,ONBOARDING,Onboarding,9c23dad1e591a984602fb5b36e163c51920dd1a7193abbd6415854d729ee564b,No,legacy_customer_folders/NTC-0005/03_identity/passport_scan.pdf
NTC-0005,Sophie Morgan,Individual,Guernsey,High,legacy_customer_folders/NTC-0005/04_address/proof_of_address_utility_bill.pdf,proof_of_address_utility_bill.pdf,Address,Proof of Address,Document Store,2026-01-03,CDD,Confidential,None,ONBOARDING,Onboarding,ca6231ee7327b5236e096a865ce7c8ade9ea43cb91292f21f9c7b0d3f14edfd1,No,legacy_customer_folders/NTC-0005/04_address/proof_of_address_utility_bill.pdf
NTC-0005,Sophie Morgan,Individual,Guernsey,High,legacy_customer_folders/NTC-0005/05_source_of_wealth/source_of_wealth_scan.jpg,source_of_wealth_scan.jpg,Due Diligence,Source of Wealth,AML Platform,2026-01-04,CDD,Confidential,None,CDD_REVIEW_2026,CDD Review,82832fd973134f39b9ba4dcbaf7278161c722bf36f328c605b0e727de73b490d,No,legacy_customer_folders/NTC-0005/05_source_of_wealth/source_of_wealth_scan.jpg
NTC-0005,Sophie Morgan,Individual,Guernsey,High,legacy_customer_folders/NTC-0005/05_source_of_wealth/source_of_wealth_scan.pdf,source_of_wealth_scan.pdf,Due Diligence,Source of Wealth,AML Platform,2026-01-04,CDD,Confidential,None,CDD_REVIEW_2026,CDD Review,56242c36f7c75ebfb64a56deed9f32b29ee753e6dc16a357d2054fd76990a61f,No,legacy_customer_folders/NTC-0005/05_source_of_wealth/source_of_wealth_scan.pdf
NTC-0005,Sophie Morgan,Individual,Guernsey,High,legacy_customer_folders/NTC-0005/05_source_of_wealth/source_of_funds_statement.pdf,source_of_funds_statement.pdf,Due Diligence,Source of Funds,AML Platform,2026-01-05,CDD,Confidential,None,CDD_REVIEW_2026,CDD Review,ae2bb3bd3c9a3f4a77dee749bb82db4461dba19c26857fc2a06cad0fca7a8cfd,No,legacy_customer_folders/NTC-0005/05_source_of_wealth/source_of_funds_statement.pdf
NTC-0005,Sophie Morgan,Individual,Guernsey,High,legacy_customer_folders/NTC-0005/08_screening/pep_sanctions_screening.pdf,pep_sanctions_screening.pdf,Screening,Screening Evidence,Screening Provider,2026-01-02,CDD,Confidential,None,ONBOARDING,Onboarding,a85d00cde61a0215281b8263cf9745d951eb99c05b11df0696ac942ae162dfa4,No,legacy_customer_folders/NTC-0005/08_screening/pep_sanctions_screening.pdf
NTC-0005,Sophie Morgan,Individual,Guernsey,High,legacy_customer_folders/NTC-0005/02_cdd/edd_approval.pdf,edd_approval.pdf,Due Diligence,EDD Approval,AML Platform,2026-01-07,CDD,Confidential,None,CDD_REVIEW_2026,CDD Review,29d2557d19f54273c243b6a1d9cf31eebee4054e133f391b7e5472653fd23842,No,legacy_customer_folders/NTC-0005/02_cdd/edd_approval.pdf
NTC-0005,Sophie Morgan,Individual,Guernsey,High,legacy_customer_folders/NTC-0005/06_statements/statement_2026_01.pdf,statement_2026_01.pdf,Statements,Monthly Statement,Statement Engine,2026-01-28,CDD,Confidential,None,STATEMENTS_2026_Q1,Statements,e6f71dfe2b27950eae0d1237ab479b815c2d514bcefea3b17bfb5b158234a627,No,legacy_customer_folders/NTC-0005/06_statements/statement_2026_01.pdf
NTC-0005,Sophie Morgan,Individual,Guernsey,High,legacy_customer_folders/NTC-0005/06_statements/statement_2026_02.pdf,statement_2026_02.pdf,Statements,Monthly Statement,Statement Engine,2026-02-28,CDD,Confidential,None,STATEMENTS_2026_Q1,Statements,a47bce3816ca661016de9cf4c8a45f29a9f4e09fdfd6448244bc2c2706955c01,No,legacy_customer_folders/NTC-0005/06_statements/statement_2026_02.pdf
NTC-0005,Sophie Morgan,Individual,Guernsey,High,legacy_customer_folders/NTC-0005/06_statements/statement_2026_03.pdf,statement_2026_03.pdf,Statements,Monthly Statement,Statement Engine,2026-03-28,CDD,Confidential,None,STATEMENTS_2026_Q1,Statements,615859ec0034c2c8f8209b05c36b21129b07fabaa524c59bfa368e51b153b993,No,legacy_customer_folders/NTC-0005/06_statements/statement_2026_03.pdf
NTC-0005,Sophie Morgan,Individual,Guernsey,High,legacy_customer_folders/NTC-0005/10_transactions/transactions_q1_2026.csv,transactions_q1_2026.csv,Transactions,Transaction Extract,Core Banking Export,2026-03-31,CDD,Confidential,None,TRANSACTIONS_2026_Q1,Transactions,e83e846141161a1aa5384a372b7cdb2304292f3c076a5954fd47dd44ffdd8d4c,No,legacy_customer_folders/NTC-0005/10_transactions/transactions_q1_2026.csv
NTC-0005,Sophie Morgan,Individual,Guernsey,High,legacy_customer_folders/NTC-0005/07_correspondence/follow_up_documentation.eml,follow_up_documentation.eml,Correspondence,Customer Correspondence,Email Archive,2026-01-06,CDD,Confidential,None,CORRESPONDENCE_2026,Correspondence,e579a5fb95262b0dfadb12d8e1df25f1dccf2affcb1681fdeba826749437cc66,No,legacy_customer_folders/NTC-0005/07_correspondence/follow_up_documentation.eml
NTC-0005,Sophie Morgan,Individual,Guernsey,High,legacy_customer_folders/NTC-0005/10_transactions/legacy_archive_payload.bin,legacy_archive_payload.bin,Archive,Legacy Binary Payload,Legacy Archive Export,2026-01-01,Archive,Restricted,None,LEGACY_BULK,Legacy Archive,1ea43b991eb4a27d1f54c1b6933bf2c5d354d4a85cd48b49ffae029d70016e06,No,legacy_customer_folders/NTC-0005/10_transactions/legacy_archive_payload.bin
NTC-0006,Oscar Mauger,Individual,Isle of Man,Medium,legacy_customer_folders/NTC-0006/customer_metadata.json,customer_metadata.json,Metadata,Customer Metadata,Legacy CRM Export,2025-12-29,Permanent,Internal,None,ONBOARDING,Onboarding,69c29d53bff7f2a2ec7b6f7d010fa86816a2bf75033fdba2c4685c2a356cc6ea,No,legacy_customer_folders/NTC-0006/customer_metadata.json
NTC-0006,Oscar Mauger,Individual,Isle of Man,Medium,legacy_customer_folders/NTC-0006/01_onboarding/account_opening_application.pdf,account_opening_application.pdf,Onboarding,Application,Legacy Onboarding Portal,2025-12-29,CDD,Confidential,None,ONBOARDING,Onboarding,9c8ffbbdde530c8af64cc71c9e19f7ced565ae2965b48df827e9c7784622fadc,No,legacy_customer_folders/NTC-0006/01_onboarding/account_opening_application.pdf
NTC-0006,Oscar Mauger,Individual,Isle of Man,Medium,legacy_customer_folders/NTC-0006/02_cdd/cdd_risk_review.pdf,cdd_risk_review.pdf,Due Diligence,CDD Review,AML Platform,2025-12-30,CDD,Confidential,None,CDD_REVIEW_2026,CDD Review,6876c4595a73198e523ace5e38127a6ca0245aa89e9e75bc037ab9f346b3a9e3,No,legacy_customer_folders/NTC-0006/02_cdd/cdd_risk_review.pdf
NTC-0006,Oscar Mauger,Individual,Isle of Man,Medium,legacy_customer_folders/NTC-0006/03_identity/passport_scan.jpg,passport_scan.jpg,Identity,Passport / ID,Document Store,2025-12-29,CDD,Confidential,None,ONBOARDING,Onboarding,10d4bb983ebcbb930218093458adf71aaebb27042821d44147aa6c4c45455de9,No,legacy_customer_folders/NTC-0006/03_identity/passport_scan.jpg
NTC-0006,Oscar Mauger,Individual,Isle of Man,Medium,legacy_customer_folders/NTC-0006/03_identity/passport_scan.pdf,passport_scan.pdf,Identity,Passport / ID,Document Store,2025-12-29,CDD,Confidential,None,ONBOARDING,Onboarding,abebdcaa3c01bddfca2bcb5c45bf7ef1194e83659b134377904b8eea5ad3b337,No,legacy_customer_folders/NTC-0006/03_identity/passport_scan.pdf
NTC-0006,Oscar Mauger,Individual,Isle of Man,Medium,legacy_customer_folders/NTC-0006/04_address/proof_of_address_utility_bill.pdf,proof_of_address_utility_bill.pdf,Address,Proof of Address,Document Store,2025-12-31,CDD,Confidential,None,ONBOARDING,Onboarding,639bfbccd0f2d92298d0883f1e9b8a748957b3ca5f94a5d456fa8e910821ba6e,No,legacy_customer_folders/NTC-0006/04_address/proof_of_address_utility_bill.pdf
NTC-0006,Oscar Mauger,Individual,Isle of Man,Medium,legacy_customer_folders/NTC-0006/05_source_of_wealth/source_of_wealth_scan.jpg,source_of_wealth_scan.jpg,Due Diligence,Source of Wealth,AML Platform,2026-01-01,CDD,Confidential,None,CDD_REVIEW_2026,CDD Review,9359b39f0b9a258cdbf7489ee771d9d92841e8fff0a66c05c9efe672e8c471cd,No,legacy_customer_folders/NTC-0006/05_source_of_wealth/source_of_wealth_scan.jpg
NTC-0006,Oscar Mauger,Individual,Isle of Man,Medium,legacy_customer_folders/NTC-0006/05_source_of_wealth/source_of_wealth_scan.pdf,source_of_wealth_scan.pdf,Due Diligence,Source of Wealth,AML Platform,2026-01-01,CDD,Confidential,None,CDD_REVIEW_2026,CDD Review,7f4c79834509947c9ee1d8baaa39d32f91409bbcb108f8d10c3d9c6206941a22,No,legacy_customer_folders/NTC-0006/05_source_of_wealth/source_of_wealth_scan.pdf
NTC-0006,Oscar Mauger,Individual,Isle of Man,Medium,legacy_customer_folders/NTC-0006/05_source_of_wealth/source_of_funds_statement.pdf,source_of_funds_statement.pdf,Due Diligence,Source of Funds,AML Platform,2026-01-02,CDD,Confidential,None,CDD_REVIEW_2026,CDD Review,eaa2c01644cbc50a3b5e8f0e5b430d04fc57e75bf8c421af1c487364a668b56a,No,legacy_customer_folders/NTC-0006/05_source_of_wealth/source_of_funds_statement.pdf
NTC-0006,Oscar Mauger,Individual,Isle of Man,Medium,legacy_customer_folders/NTC-0006/08_screening/pep_sanctions_screening.pdf,pep_sanctions_screening.pdf,Screening,Screening Evidence,Screening Provider,2025-12-30,CDD,Confidential,None,ONBOARDING,Onboarding,b6c4b96873775af8517c6794f8ba5168e213f1742791d82333c3b2e16e0365f5,No,legacy_customer_folders/NTC-0006/08_screening/pep_sanctions_screening.pdf
NTC-0006,Oscar Mauger,Individual,Isle of Man,Medium,legacy_customer_folders/NTC-0006/06_statements/statement_2026_01.pdf,statement_2026_01.pdf,Statements,Monthly Statement,Statement Engine,2026-01-28,CDD,Confidential,None,STATEMENTS_2026_Q1,Statements,0ff4f840427eafd7f9f3c2891c8cc4ab94233c033bd48f7b1ea646687298cc0e,No,legacy_customer_folders/NTC-0006/06_statements/statement_2026_01.pdf
NTC-0006,Oscar Mauger,Individual,Isle of Man,Medium,legacy_customer_folders/NTC-0006/06_statements/statement_2026_02.pdf,statement_2026_02.pdf,Statements,Monthly Statement,Statement Engine,2026-02-28,CDD,Confidential,None,STATEMENTS_2026_Q1,Statements,29060f05b4a1030e82682fc4b4d1e23ed39180d0a9ad17fedeb84bceb726816f,No,legacy_customer_folders/NTC-0006/06_statements/statement_2026_02.pdf
NTC-0006,Oscar Mauger,Individual,Isle of Man,Medium,legacy_customer_folders/NTC-0006/06_statements/statement_2026_03.pdf,statement_2026_03.pdf,Statements,Monthly Statement,Statement Engine,2026-03-28,CDD,Confidential,None,STATEMENTS_2026_Q1,Statements,b426f3b8e708e11e74874a714af6257ff56b643b920c6125110bf8906add4d1e,No,legacy_customer_folders/NTC-0006/06_statements/statement_2026_03.pdf
NTC-0006,Oscar Mauger,Individual,Isle of Man,Medium,legacy_customer_folders/NTC-0006/10_transactions/transactions_q1_2026.csv,transactions_q1_2026.csv,Transactions,Transaction Extract,Core Banking Export,2026-03-31,CDD,Confidential,None,TRANSACTIONS_2026_Q1,Transactions,67c70972188b8441a1240a1ece0184b7ad0d338c6397d22b5a662a6694c37447,No,legacy_customer_folders/NTC-0006/10_transactions/transactions_q1_2026.csv
NTC-0006,Oscar Mauger,Individual,Isle of Man,Medium,legacy_customer_folders/NTC-0006/07_correspondence/follow_up_documentation.eml,follow_up_documentation.eml,Correspondence,Customer Correspondence,Email Archive,2026-01-03,CDD,Confidential,None,CORRESPONDENCE_2026,Correspondence,67aac8c44b633201d5983310b98d7cee2f313c59d8102ce2fefcb6c4e9eac89d,No,legacy_customer_folders/NTC-0006/07_correspondence/follow_up_documentation.eml
NTC-0006,Oscar Mauger,Individual,Isle of Man,Medium,legacy_customer_folders/NTC-0006/10_transactions/legacy_archive_payload.bin,legacy_archive_payload.bin,Archive,Legacy Binary Payload,Legacy Archive Export,2025-12-29,Archive,Restricted,None,LEGACY_BULK,Legacy Archive,00ad479365d734964b56da584ce6f898b138722d5789331c4dea22c736f57d47,No,legacy_customer_folders/NTC-0006/10_transactions/legacy_archive_payload.bin
NTC-0007,Aurelia Holdings Limited,Corporate,Guernsey,High,legacy_customer_folders/NTC-0007/customer_metadata.json,customer_metadata.json,Metadata,Customer Metadata,Legacy CRM Export,2025-12-26,Permanent,Internal,None,ONBOARDING,Onboarding,f61855cc6cd7584d2ebf6921c7a7e9ec40219503ff2415afd47c33ca7324a76c,No,legacy_customer_folders/NTC-0007/customer_metadata.json
NTC-0007,Aurelia Holdings Limited,Corporate,Guernsey,High,legacy_customer_folders/NTC-0007/01_onboarding/account_opening_application.pdf,account_opening_application.pdf,Onboarding,Application,Legacy Onboarding Portal,2025-12-26,CDD,Confidential,None,ONBOARDING,Onboarding,4d308159317ea0d76dc25ea0c4f8c2cf245cd498ffc7d47d9a0b7c6e223bbf59,No,legacy_customer_folders/NTC-0007/01_onboarding/account_opening_application.pdf
NTC-0007,Aurelia Holdings Limited,Corporate,Guernsey,High,legacy_customer_folders/NTC-0007/02_cdd/cdd_risk_review.pdf,cdd_risk_review.pdf,Due Diligence,CDD Review,AML Platform,2025-12-27,CDD,Confidential,None,CDD_REVIEW_2026,CDD Review,36ae2d6e1dee84c0df5e574cdb1b8cda1abe15b2de6acaf29335a95aeab5ae4e,No,legacy_customer_folders/NTC-0007/02_cdd/cdd_risk_review.pdf
NTC-0007,Aurelia Holdings Limited,Corporate,Guernsey,High,legacy_customer_folders/NTC-0007/03_identity/passport_scan.jpg,passport_scan.jpg,Identity,Passport / ID,Document Store,2025-12-26,CDD,Confidential,None,ONBOARDING,Onboarding,12783a407ebc323291f9f19d786ab91b09ce4a79d3dd1cb49ac4b93015279101,No,legacy_customer_folders/NTC-0007/03_identity/passport_scan.jpg
NTC-0007,Aurelia Holdings Limited,Corporate,Guernsey,High,legacy_customer_folders/NTC-0007/03_identity/passport_scan.pdf,passport_scan.pdf,Identity,Passport / ID,Document Store,2025-12-26,CDD,Confidential,None,ONBOARDING,Onboarding,ac98e5592b0d8b9b0ae5a0bf4beccc6d3dabc3a7c117276c8e9ab32b54506c88,No,legacy_customer_folders/NTC-0007/03_identity/passport_scan.pdf
NTC-0007,Aurelia Holdings Limited,Corporate,Guernsey,High,legacy_customer_folders/NTC-0007/04_address/proof_of_address_utility_bill.pdf,proof_of_address_utility_bill.pdf,Address,Proof of Address,Document Store,2025-12-28,CDD,Confidential,None,ONBOARDING,Onboarding,1519e23d7027d18399b407d2d1146673ed9678cebccc516e5f62350482206226,No,legacy_customer_folders/NTC-0007/04_address/proof_of_address_utility_bill.pdf
NTC-0007,Aurelia Holdings Limited,Corporate,Guernsey,High,legacy_customer_folders/NTC-0007/05_source_of_wealth/source_of_wealth_scan.jpg,source_of_wealth_scan.jpg,Due Diligence,Source of Wealth,AML Platform,2025-12-29,CDD,Confidential,None,CDD_REVIEW_2026,CDD Review,6ebbda9e62d317f4f627822be6666da0e91fab792f25438f7f742ad8cfc0a7c7,No,legacy_customer_folders/NTC-0007/05_source_of_wealth/source_of_wealth_scan.jpg
NTC-0007,Aurelia Holdings Limited,Corporate,Guernsey,High,legacy_customer_folders/NTC-0007/05_source_of_wealth/source_of_wealth_scan.pdf,source_of_wealth_scan.pdf,Due Diligence,Source of Wealth,AML Platform,2025-12-29,CDD,Confidential,None,CDD_REVIEW_2026,CDD Review,f70966c8e78b2bce72faac31a397ddfe33140d5ab547e4adf82d61543e2db180,No,legacy_customer_folders/NTC-0007/05_source_of_wealth/source_of_wealth_scan.pdf
NTC-0007,Aurelia Holdings Limited,Corporate,Guernsey,High,legacy_customer_folders/NTC-0007/05_source_of_wealth/source_of_funds_statement.pdf,source_of_funds_statement.pdf,Due Diligence,Source of Funds,AML Platform,2025-12-30,CDD,Confidential,None,CDD_REVIEW_2026,CDD Review,5bf8b35d95421ce203adf2f2c94ea3ddb58c982b7a934d9ae4873398550734a2,No,legacy_customer_folders/NTC-0007/05_source_of_wealth/source_of_funds_statement.pdf
NTC-0007,Aurelia Holdings Limited,Corporate,Guernsey,High,legacy_customer_folders/NTC-0007/08_screening/pep_sanctions_screening.pdf,pep_sanctions_screening.pdf,Screening,Screening Evidence,Screening Provider,2025-12-27,CDD,Confidential,None,ONBOARDING,Onboarding,5812a74b31369f5c56699f9f5d6b8a8784c65eaf8d29c8e4a616fc45bbef9c26,No,legacy_customer_folders/NTC-0007/08_screening/pep_sanctions_screening.pdf
NTC-0007,Aurelia Holdings Limited,Corporate,Guernsey,High,legacy_customer_folders/NTC-0007/02_cdd/edd_approval.pdf,edd_approval.pdf,Due Diligence,EDD Approval,AML Platform,2026-01-01,CDD,Confidential,None,CDD_REVIEW_2026,CDD Review,59c91267b0ea577b4ccf237e04ebf38945806f8f1076f5e1869465c395ff2846,No,legacy_customer_folders/NTC-0007/02_cdd/edd_approval.pdf
NTC-0007,Aurelia Holdings Limited,Corporate,Guernsey,High,legacy_customer_folders/NTC-0007/09_corporate/company_registry_extract.pdf,company_registry_extract.pdf,Corporate,Company Registry Extract,Company Registry,2025-12-26,CDD,Confidential,None,ONBOARDING,Onboarding,2a8faf781d1f0b2b6044119a591150a858b3703caeb6c84b664659f2f9953696,No,legacy_customer_folders/NTC-0007/09_corporate/company_registry_extract.pdf
NTC-0007,Aurelia Holdings Limited,Corporate,Guernsey,High,legacy_customer_folders/NTC-0007/09_corporate/authorised_signatory_id.pdf,authorised_signatory_id.pdf,Corporate,Authorised Signatory ID,Document Store,2025-12-26,CDD,Confidential,None,ONBOARDING,Onboarding,bbb6d684221447f49df1142cd663d27415bd5efa2bac50a52fc28d2de9134eea,No,legacy_customer_folders/NTC-0007/09_corporate/authorised_signatory_id.pdf
NTC-0007,Aurelia Holdings Limited,Corporate,Guernsey,High,legacy_customer_folders/NTC-0007/06_statements/statement_2026_01.pdf,statement_2026_01.pdf,Statements,Monthly Statement,Statement Engine,2026-01-28,CDD,Confidential,None,STATEMENTS_2026_Q1,Statements,f4e82f5ce1a947f71519abba9829788747140b4e5caff748aa992c72e3ffbb85,No,legacy_customer_folders/NTC-0007/06_statements/statement_2026_01.pdf
NTC-0007,Aurelia Holdings Limited,Corporate,Guernsey,High,legacy_customer_folders/NTC-0007/06_statements/statement_2026_02.pdf,statement_2026_02.pdf,Statements,Monthly Statement,Statement Engine,2026-02-28,CDD,Confidential,None,STATEMENTS_2026_Q1,Statements,2cb6fa65ce1899b80fa9c1eb9b3552cdac78a13aab39cc27bb2a8014d4e8b094,No,legacy_customer_folders/NTC-0007/06_statements/statement_2026_02.pdf
NTC-0007,Aurelia Holdings Limited,Corporate,Guernsey,High,legacy_customer_folders/NTC-0007/06_statements/statement_2026_03.pdf,statement_2026_03.pdf,Statements,Monthly Statement,Statement Engine,2026-03-28,CDD,Confidential,None,STATEMENTS_2026_Q1,Statements,4b6c6cfb2dfba86b4a3231e497df3b36cf5af20a757ed0d0fd67584a3a6df2f1,No,legacy_customer_folders/NTC-0007/06_statements/statement_2026_03.pdf
NTC-0007,Aurelia Holdings Limited,Corporate,Guernsey,High,legacy_customer_folders/NTC-0007/10_transactions/transactions_q1_2026.csv,transactions_q1_2026.csv,Transactions,Transaction Extract,Core Banking Export,2026-03-31,CDD,Confidential,None,TRANSACTIONS_2026_Q1,Transactions,c11eaa6626328a7b87a96c082e9a2898ca2d6939f93c37e2f2b3680b755ff355,No,legacy_customer_folders/NTC-0007/10_transactions/transactions_q1_2026.csv
NTC-0007,Aurelia Holdings Limited,Corporate,Guernsey,High,legacy_customer_folders/NTC-0007/07_correspondence/follow_up_documentation.eml,follow_up_documentation.eml,Correspondence,Customer Correspondence,Email Archive,2025-12-31,CDD,Confidential,None,CORRESPONDENCE_2026,Correspondence,cccff0f89be4e5030c88ea773c77b9c0e4560fb9a6a6dea0f64aa2400d18387e,No,legacy_customer_folders/NTC-0007/07_correspondence/follow_up_documentation.eml
NTC-0007,Aurelia Holdings Limited,Corporate,Guernsey,High,legacy_customer_folders/NTC-0007/10_transactions/legacy_archive_payload.bin,legacy_archive_payload.bin,Archive,Legacy Binary Payload,Legacy Archive Export,2025-12-26,Archive,Restricted,None,LEGACY_BULK,Legacy Archive,223b08630def7541563228c9c7cca1e351070d0700b36755496003aa78d96405,No,legacy_customer_folders/NTC-0007/10_transactions/legacy_archive_payload.bin
NTC-0008,St Martin Family Trust,Trust,Guernsey,High,legacy_customer_folders/NTC-0008/customer_metadata.json,customer_metadata.json,Metadata,Customer Metadata,Legacy CRM Export,2025-12-23,Permanent,Internal,None,ONBOARDING,Onboarding,7553479f959bc89343c495a3add4c3d75a53da7d804d643336b2ee23d3d7f757,No,legacy_customer_folders/NTC-0008/customer_metadata.json
NTC-0008,St Martin Family Trust,Trust,Guernsey,High,legacy_customer_folders/NTC-0008/01_onboarding/account_opening_application.pdf,account_opening_application.pdf,Onboarding,Application,Legacy Onboarding Portal,2025-12-23,CDD,Confidential,None,ONBOARDING,Onboarding,84b194864b22a156a74854f1b3f9caa398d6f48d1984a2f68f07d60ac6bc5449,No,legacy_customer_folders/NTC-0008/01_onboarding/account_opening_application.pdf
NTC-0008,St Martin Family Trust,Trust,Guernsey,High,legacy_customer_folders/NTC-0008/02_cdd/cdd_risk_review.pdf,cdd_risk_review.pdf,Due Diligence,CDD Review,AML Platform,2025-12-24,CDD,Confidential,None,CDD_REVIEW_2026,CDD Review,b842705c9bacd65dfe8f40eb04594457a6de61e121d56939e926a9f7f7f5b9d1,No,legacy_customer_folders/NTC-0008/02_cdd/cdd_risk_review.pdf
NTC-0008,St Martin Family Trust,Trust,Guernsey,High,legacy_customer_folders/NTC-0008/03_identity/passport_scan.jpg,passport_scan.jpg,Identity,Passport / ID,Document Store,2025-12-23,CDD,Confidential,None,ONBOARDING,Onboarding,91d7fe74a899b3f84a36787d01539f1bdace6bb8b2572280e610228c8387f59a,No,legacy_customer_folders/NTC-0008/03_identity/passport_scan.jpg
NTC-0008,St Martin Family Trust,Trust,Guernsey,High,legacy_customer_folders/NTC-0008/03_identity/passport_scan.pdf,passport_scan.pdf,Identity,Passport / ID,Document Store,2025-12-23,CDD,Confidential,None,ONBOARDING,Onboarding,f76a08671989d9220641eddb7145c544943fb8fd086f4159b3682bad2fd8a41d,No,legacy_customer_folders/NTC-0008/03_identity/passport_scan.pdf
NTC-0008,St Martin Family Trust,Trust,Guernsey,High,legacy_customer_folders/NTC-0008/04_address/proof_of_address_utility_bill.pdf,proof_of_address_utility_bill.pdf,Address,Proof of Address,Document Store,2025-12-25,CDD,Confidential,None,ONBOARDING,Onboarding,797058dfb6948e5367ff520ba8e806249f47828692ff5872187da1e67e5177d3,No,legacy_customer_folders/NTC-0008/04_address/proof_of_address_utility_bill.pdf
NTC-0008,St Martin Family Trust,Trust,Guernsey,High,legacy_customer_folders/NTC-0008/05_source_of_wealth/source_of_wealth_scan.jpg,source_of_wealth_scan.jpg,Due Diligence,Source of Wealth,AML Platform,2025-12-26,CDD,Confidential,None,CDD_REVIEW_2026,CDD Review,684f0b4386bbeccc380fa4c68b8f529107131a4480fd59a97557ba96fab42ba7,No,legacy_customer_folders/NTC-0008/05_source_of_wealth/source_of_wealth_scan.jpg
NTC-0008,St Martin Family Trust,Trust,Guernsey,High,legacy_customer_folders/NTC-0008/05_source_of_wealth/source_of_wealth_scan.pdf,source_of_wealth_scan.pdf,Due Diligence,Source of Wealth,AML Platform,2025-12-26,CDD,Confidential,None,CDD_REVIEW_2026,CDD Review,a3eb989c0de5154ecf86d837fde723b757369ccd1895a4662f5cafd1449d25f0,No,legacy_customer_folders/NTC-0008/05_source_of_wealth/source_of_wealth_scan.pdf
NTC-0008,St Martin Family Trust,Trust,Guernsey,High,legacy_customer_folders/NTC-0008/05_source_of_wealth/source_of_funds_statement.pdf,source_of_funds_statement.pdf,Due Diligence,Source of Funds,AML Platform,2025-12-27,CDD,Confidential,None,CDD_REVIEW_2026,CDD Review,7357951713478cdd0950bdd9bd41b4bd52a9ce0603db318fd5fb9aa1e1b9cd1d,No,legacy_customer_folders/NTC-0008/05_source_of_wealth/source_of_funds_statement.pdf
NTC-0008,St Martin Family Trust,Trust,Guernsey,High,legacy_customer_folders/NTC-0008/08_screening/pep_sanctions_screening.pdf,pep_sanctions_screening.pdf,Screening,Screening Evidence,Screening Provider,2025-12-24,CDD,Confidential,None,ONBOARDING,Onboarding,a52c09e2bb8b41afa83227ac7407c5465e4a9038f7cb4c98198dcb4d87689d2e,No,legacy_customer_folders/NTC-0008/08_screening/pep_sanctions_screening.pdf
NTC-0008,St Martin Family Trust,Trust,Guernsey,High,legacy_customer_folders/NTC-0008/02_cdd/edd_approval.pdf,edd_approval.pdf,Due Diligence,EDD Approval,AML Platform,2025-12-29,CDD,Confidential,None,CDD_REVIEW_2026,CDD Review,daf92f2e1bdc1c9e590332b1da566785e244cf77468ef3d2f44196121292767b,No,legacy_customer_folders/NTC-0008/02_cdd/edd_approval.pdf
NTC-0008,St Martin Family Trust,Trust,Guernsey,High,legacy_customer_folders/NTC-0008/06_statements/statement_2026_01.pdf,statement_2026_01.pdf,Statements,Monthly Statement,Statement Engine,2026-01-28,CDD,Confidential,None,STATEMENTS_2026_Q1,Statements,5b8444d5318b7da53111a8c3f912bfd1c1e5dc5ed8677abbc2b3c1c1a691b001,No,legacy_customer_folders/NTC-0008/06_statements/statement_2026_01.pdf
NTC-0008,St Martin Family Trust,Trust,Guernsey,High,legacy_customer_folders/NTC-0008/06_statements/statement_2026_02.pdf,statement_2026_02.pdf,Statements,Monthly Statement,Statement Engine,2026-02-28,CDD,Confidential,None,STATEMENTS_2026_Q1,Statements,1d879c60679dde1a86bb11685485cd5a9ba7a9613e2d6c6eaec5531676c6b020,No,legacy_customer_folders/NTC-0008/06_statements/statement_2026_02.pdf
NTC-0008,St Martin Family Trust,Trust,Guernsey,High,legacy_customer_folders/NTC-0008/06_statements/statement_2026_03.pdf,statement_2026_03.pdf,Statements,Monthly Statement,Statement Engine,2026-03-28,CDD,Confidential,None,STATEMENTS_2026_Q1,Statements,9a7e53d840dea1bbd0689f8917eff9fe5a6809e247d3e74fcd8cc7a8655eb799,No,legacy_customer_folders/NTC-0008/06_statements/statement_2026_03.pdf
NTC-0008,St Martin Family Trust,Trust,Guernsey,High,legacy_customer_folders/NTC-0008/10_transactions/transactions_q1_2026.csv,transactions_q1_2026.csv,Transactions,Transaction Extract,Core Banking Export,2026-03-31,CDD,Confidential,None,TRANSACTIONS_2026_Q1,Transactions,a6b505ac45c0e8701e56459bfeffd4ffd2503e20de796fe5ca8ea5f4acf69304,No,legacy_customer_folders/NTC-0008/10_transactions/transactions_q1_2026.csv
NTC-0008,St Martin Family Trust,Trust,Guernsey,High,legacy_customer_folders/NTC-0008/07_correspondence/follow_up_documentation.eml,follow_up_documentation.eml,Correspondence,Customer Correspondence,Email Archive,2025-12-28,CDD,Confidential,None,CORRESPONDENCE_2026,Correspondence,1fce812c0bb2577e61a6570bed14eb20b8ed43e25985c7a907c96e9dcf6ee606,No,legacy_customer_folders/NTC-0008/07_correspondence/follow_up_documentation.eml
NTC-0008,St Martin Family Trust,Trust,Guernsey,High,legacy_customer_folders/NTC-0008/10_transactions/legacy_archive_payload.bin,legacy_archive_payload.bin,Archive,Legacy Binary Payload,Legacy Archive Export,2025-12-23,Archive,Restricted,None,LEGACY_BULK,Legacy Archive,02e92daf01fbe8d7933467b4a1e88494f2422fd11759a84294e2659a384edb4f,No,legacy_customer_folders/NTC-0008/10_transactions/legacy_archive_payload.bin
NTC-0009,Henry Ozanne,Individual,Guernsey,Medium,legacy_customer_folders/NTC-0009/customer_metadata.json,customer_metadata.json,Metadata,Customer Metadata,Legacy CRM Export,2025-12-20,Permanent,Internal,None,ONBOARDING,Onboarding,44bce46201c6494dc50adb8124a6d7d9eacd97585d770cf4ceb585ebfd1d2b8b,No,legacy_customer_folders/NTC-0009/customer_metadata.json
NTC-0009,Henry Ozanne,Individual,Guernsey,Medium,legacy_customer_folders/NTC-0009/01_onboarding/account_opening_application.pdf,account_opening_application.pdf,Onboarding,Application,Legacy Onboarding Portal,2025-12-20,CDD,Confidential,None,ONBOARDING,Onboarding,746497932d3ef025400a6afacec174697fafe185f7b02d66cc44b6114d03484d,No,legacy_customer_folders/NTC-0009/01_onboarding/account_opening_application.pdf
NTC-0009,Henry Ozanne,Individual,Guernsey,Medium,legacy_customer_folders/NTC-0009/02_cdd/cdd_risk_review.pdf,cdd_risk_review.pdf,Due Diligence,CDD Review,AML Platform,2025-12-21,CDD,Confidential,None,CDD_REVIEW_2026,CDD Review,0a664462f9b548a5ce961ce92033c2815b7ebe14413568975bfb6f69fd124e7c,No,legacy_customer_folders/NTC-0009/02_cdd/cdd_risk_review.pdf
NTC-0009,Henry Ozanne,Individual,Guernsey,Medium,legacy_customer_folders/NTC-0009/03_identity/passport_scan.jpg,passport_scan.jpg,Identity,Passport / ID,Document Store,2025-12-20,CDD,Confidential,None,ONBOARDING,Onboarding,2759fbeebf3cbf275636b17ffd426229911a6fb07788849069381d752f84b375,No,legacy_customer_folders/NTC-0009/03_identity/passport_scan.jpg
NTC-0009,Henry Ozanne,Individual,Guernsey,Medium,legacy_customer_folders/NTC-0009/03_identity/passport_scan.pdf,passport_scan.pdf,Identity,Passport / ID,Document Store,2025-12-20,CDD,Confidential,None,ONBOARDING,Onboarding,1659763552b377f61649dcde83508e1665d99148ff1a03a8d095a1ce9e677342,No,legacy_customer_folders/NTC-0009/03_identity/passport_scan.pdf
NTC-0009,Henry Ozanne,Individual,Guernsey,Medium,legacy_customer_folders/NTC-0009/04_address/proof_of_address_utility_bill.pdf,proof_of_address_utility_bill.pdf,Address,Proof of Address,Document Store,2025-12-22,CDD,Confidential,None,ONBOARDING,Onboarding,11ec3ee4ff32ccfa3acc39b91539d4f7786be7aa8e5cb9daf60d614626dfdbce,No,legacy_customer_folders/NTC-0009/04_address/proof_of_address_utility_bill.pdf
NTC-0009,Henry Ozanne,Individual,Guernsey,Medium,legacy_customer_folders/NTC-0009/05_source_of_wealth/source_of_wealth_scan.jpg,source_of_wealth_scan.jpg,Due Diligence,Source of Wealth,AML Platform,2025-12-23,CDD,Confidential,None,CDD_REVIEW_2026,CDD Review,e4b7b836027ca4d07a5494b31fa40d83f8ab71f947bcfbc934088e46e06c6955,No,legacy_customer_folders/NTC-0009/05_source_of_wealth/source_of_wealth_scan.jpg
NTC-0009,Henry Ozanne,Individual,Guernsey,Medium,legacy_customer_folders/NTC-0009/05_source_of_wealth/source_of_wealth_scan.pdf,source_of_wealth_scan.pdf,Due Diligence,Source of Wealth,AML Platform,2025-12-23,CDD,Confidential,None,CDD_REVIEW_2026,CDD Review,479c7c5d1dd88e6cc34aa54e73ad8e75ce1afe44372c66d69a5f2c84ec38def7,No,legacy_customer_folders/NTC-0009/05_source_of_wealth/source_of_wealth_scan.pdf
NTC-0009,Henry Ozanne,Individual,Guernsey,Medium,legacy_customer_folders/NTC-0009/05_source_of_wealth/source_of_funds_statement.pdf,source_of_funds_statement.pdf,Due Diligence,Source of Funds,AML Platform,2025-12-24,CDD,Confidential,None,CDD_REVIEW_2026,CDD Review,6184f1514b7e6e5a7514586658e4ceda8918cfe918fbf00713e4a2bc3bc36cd2,No,legacy_customer_folders/NTC-0009/05_source_of_wealth/source_of_funds_statement.pdf
NTC-0009,Henry Ozanne,Individual,Guernsey,Medium,legacy_customer_folders/NTC-0009/08_screening/pep_sanctions_screening.pdf,pep_sanctions_screening.pdf,Screening,Screening Evidence,Screening Provider,2025-12-21,CDD,Confidential,None,ONBOARDING,Onboarding,6381aff6f282f715b236c4b4dae15c04d6422049e705844daa5f9d3a0cb2625b,No,legacy_customer_folders/NTC-0009/08_screening/pep_sanctions_screening.pdf
NTC-0009,Henry Ozanne,Individual,Guernsey,Medium,legacy_customer_folders/NTC-0009/06_statements/statement_2026_01.pdf,statement_2026_01.pdf,Statements,Monthly Statement,Statement Engine,2026-01-28,CDD,Confidential,None,STATEMENTS_2026_Q1,Statements,8216aaba22f5029374c5f0144f0e1d06003054289b3a1c4cf6859cb2a8e7a5e4,No,legacy_customer_folders/NTC-0009/06_statements/statement_2026_01.pdf
NTC-0009,Henry Ozanne,Individual,Guernsey,Medium,legacy_customer_folders/NTC-0009/06_statements/statement_2026_02.pdf,statement_2026_02.pdf,Statements,Monthly Statement,Statement Engine,2026-02-28,CDD,Confidential,None,STATEMENTS_2026_Q1,Statements,a86b48b803e02a3a6cf8303c265a6e42d4bd8fde482c1358334d0e3babaaf142,No,legacy_customer_folders/NTC-0009/06_statements/statement_2026_02.pdf
NTC-0009,Henry Ozanne,Individual,Guernsey,Medium,legacy_customer_folders/NTC-0009/06_statements/statement_2026_03.pdf,statement_2026_03.pdf,Statements,Monthly Statement,Statement Engine,2026-03-28,CDD,Confidential,None,STATEMENTS_2026_Q1,Statements,548f5e8b76295f60081ad099c1dd32a9205657ed617d8ace636e6421ba54dead,No,legacy_customer_folders/NTC-0009/06_statements/statement_2026_03.pdf
NTC-0009,Henry Ozanne,Individual,Guernsey,Medium,legacy_customer_folders/NTC-0009/10_transactions/transactions_q1_2026.csv,transactions_q1_2026.csv,Transactions,Transaction Extract,Core Banking Export,2026-03-31,CDD,Confidential,None,TRANSACTIONS_2026_Q1,Transactions,172f2e81a798333846976ad4c2590726c596e9ad9f74241d7df7a5fef2849dc5,No,legacy_customer_folders/NTC-0009/10_transactions/transactions_q1_2026.csv
NTC-0009,Henry Ozanne,Individual,Guernsey,Medium,legacy_customer_folders/NTC-0009/07_correspondence/follow_up_documentation.eml,follow_up_documentation.eml,Correspondence,Customer Correspondence,Email Archive,2025-12-25,CDD,Confidential,None,CORRESPONDENCE_2026,Correspondence,cfc969cd3abaca98223c400eb1c245856324860967985b2a6bb1b0f7fbfe7e2f,No,legacy_customer_folders/NTC-0009/07_correspondence/follow_up_documentation.eml
NTC-0009,Henry Ozanne,Individual,Guernsey,Medium,legacy_customer_folders/NTC-0009/10_transactions/legacy_archive_payload.bin,legacy_archive_payload.bin,Archive,Legacy Binary Payload,Legacy Archive Export,2025-12-20,Archive,Restricted,None,LEGACY_BULK,Legacy Archive,f8654a5d166b4cdfab19bb7d4ef2f7de3e2502bf538613db3ea02b8861e09de1,No,legacy_customer_folders/NTC-0009/10_transactions/legacy_archive_payload.bin
NTC-0010,Isla De Carteret,Individual,Jersey,Low,legacy_customer_folders/NTC-0010/customer_metadata.json,customer_metadata.json,Metadata,Customer Metadata,Legacy CRM Export,2025-12-17,Permanent,Internal,None,ONBOARDING,Onboarding,53095a4511c6b6f48a66e91978cd61749314549ec7277349bd31b89171a82ae3,No,legacy_customer_folders/NTC-0010/customer_metadata.json
NTC-0010,Isla De Carteret,Individual,Jersey,Low,legacy_customer_folders/NTC-0010/01_onboarding/account_opening_application.pdf,account_opening_application.pdf,Onboarding,Application,Legacy Onboarding Portal,2025-12-17,CDD,Confidential,None,ONBOARDING,Onboarding,aefc5261e5df2dbc861e450e433a2443154b809387091c172fa75e17c4c34aa9,No,legacy_customer_folders/NTC-0010/01_onboarding/account_opening_application.pdf
NTC-0010,Isla De Carteret,Individual,Jersey,Low,legacy_customer_folders/NTC-0010/02_cdd/cdd_risk_review.pdf,cdd_risk_review.pdf,Due Diligence,CDD Review,AML Platform,2025-12-18,CDD,Confidential,None,CDD_REVIEW_2026,CDD Review,0b78e4790d6183f40788bca587b4e934d1ac194df69162605c5b947bb9c77688,No,legacy_customer_folders/NTC-0010/02_cdd/cdd_risk_review.pdf
NTC-0010,Isla De Carteret,Individual,Jersey,Low,legacy_customer_folders/NTC-0010/03_identity/passport_scan.jpg,passport_scan.jpg,Identity,Passport / ID,Document Store,2025-12-17,CDD,Confidential,None,ONBOARDING,Onboarding,2774d2b8c704d036f0dfeff84caa39876b600ef703cad2d842938de12765120c,No,legacy_customer_folders/NTC-0010/03_identity/passport_scan.jpg
NTC-0010,Isla De Carteret,Individual,Jersey,Low,legacy_customer_folders/NTC-0010/03_identity/passport_scan.pdf,passport_scan.pdf,Identity,Passport / ID,Document Store,2025-12-17,CDD,Confidential,None,ONBOARDING,Onboarding,064568271158e9898edf9c8e94ef8724adc07d8ac32e27a576d028a6ca9ac640,No,legacy_customer_folders/NTC-0010/03_identity/passport_scan.pdf
NTC-0010,Isla De Carteret,Individual,Jersey,Low,legacy_customer_folders/NTC-0010/04_address/proof_of_address_utility_bill.pdf,proof_of_address_utility_bill.pdf,Address,Proof of Address,Document Store,2025-12-19,CDD,Confidential,None,ONBOARDING,Onboarding,a22f112a8c37f97e20ab8c23b50fae12d67a760d533c107c784d63b6072351b4,No,legacy_customer_folders/NTC-0010/04_address/proof_of_address_utility_bill.pdf
NTC-0010,Isla De Carteret,Individual,Jersey,Low,legacy_customer_folders/NTC-0010/05_source_of_wealth/source_of_wealth_scan.jpg,source_of_wealth_scan.jpg,Due Diligence,Source of Wealth,AML Platform,2025-12-20,CDD,Confidential,None,CDD_REVIEW_2026,CDD Review,7180ba6e2d69379b32adc94400c73c08ade7e5445847efe7e1d6bd3c5174ae2a,No,legacy_customer_folders/NTC-0010/05_source_of_wealth/source_of_wealth_scan.jpg
NTC-0010,Isla De Carteret,Individual,Jersey,Low,legacy_customer_folders/NTC-0010/05_source_of_wealth/source_of_wealth_scan.pdf,source_of_wealth_scan.pdf,Due Diligence,Source of Wealth,AML Platform,2025-12-20,CDD,Confidential,None,CDD_REVIEW_2026,CDD Review,3e4118d23a85ddd4c8db56c8306288f00b65440795c0e1bc9764c41a4b0da19e,No,legacy_customer_folders/NTC-0010/05_source_of_wealth/source_of_wealth_scan.pdf
NTC-0010,Isla De Carteret,Individual,Jersey,Low,legacy_customer_folders/NTC-0010/08_screening/pep_sanctions_screening.pdf,pep_sanctions_screening.pdf,Screening,Screening Evidence,Screening Provider,2025-12-18,CDD,Confidential,None,ONBOARDING,Onboarding,073841d8a3c4bb97680604eb33d0015237e0d5d66e06f13efdc5f8658dea3e64,No,legacy_customer_folders/NTC-0010/08_screening/pep_sanctions_screening.pdf
NTC-0010,Isla De Carteret,Individual,Jersey,Low,legacy_customer_folders/NTC-0010/06_statements/statement_2026_01.pdf,statement_2026_01.pdf,Statements,Monthly Statement,Statement Engine,2026-01-28,CDD,Confidential,None,STATEMENTS_2026_Q1,Statements,ebf24311946e1c56ce5fc384053282834acb1ac1d4e04f174109c6016268a935,No,legacy_customer_folders/NTC-0010/06_statements/statement_2026_01.pdf
NTC-0010,Isla De Carteret,Individual,Jersey,Low,legacy_customer_folders/NTC-0010/06_statements/statement_2026_02.pdf,statement_2026_02.pdf,Statements,Monthly Statement,Statement Engine,2026-02-28,CDD,Confidential,None,STATEMENTS_2026_Q1,Statements,b113aec31d780dc2fba2e54dc3fa85aa3818ee8db3a7877c40eae4eb82cff69b,No,legacy_customer_folders/NTC-0010/06_statements/statement_2026_02.pdf
NTC-0010,Isla De Carteret,Individual,Jersey,Low,legacy_customer_folders/NTC-0010/06_statements/statement_2026_03.pdf,statement_2026_03.pdf,Statements,Monthly Statement,Statement Engine,2026-03-28,CDD,Confidential,None,STATEMENTS_2026_Q1,Statements,0d86aff1077b724c03e90434a1c68d2e8f4fb8c7d6c50df2dab16dfac17f5a60,No,legacy_customer_folders/NTC-0010/06_statements/statement_2026_03.pdf
NTC-0010,Isla De Carteret,Individual,Jersey,Low,legacy_customer_folders/NTC-0010/10_transactions/transactions_q1_2026.csv,transactions_q1_2026.csv,Transactions,Transaction Extract,Core Banking Export,2026-03-31,CDD,Confidential,None,TRANSACTIONS_2026_Q1,Transactions,25bbf37591f3a9efcfa900c49310b1e6458bd96ec1b73d8d1caad19cdde11501,No,legacy_customer_folders/NTC-0010/10_transactions/transactions_q1_2026.csv
NTC-0010,Isla De Carteret,Individual,Jersey,Low,legacy_customer_folders/NTC-0010/07_correspondence/follow_up_documentation.eml,follow_up_documentation.eml,Correspondence,Customer Correspondence,Email Archive,2025-12-22,CDD,Confidential,None,CORRESPONDENCE_2026,Correspondence,de34e6e8b2e808fd178a337e495f8218c401b449a68861c5043b42101616ee0a,No,legacy_customer_folders/NTC-0010/07_correspondence/follow_up_documentation.eml
NTC-0010,Isla De Carteret,Individual,Jersey,Low,legacy_customer_folders/NTC-0010/10_transactions/legacy_archive_payload.bin,legacy_archive_payload.bin,Archive,Legacy Binary Payload,Legacy Archive Export,2025-12-17,Archive,Restricted,None,LEGACY_BULK,Legacy Archive,73d2a2541c3f1d520207e197eaa2fe3aa1c538360450832312b4e4cb6bcc71c4,No,legacy_customer_folders/NTC-0010/10_transactions/legacy_archive_payload.bin
NTC-0011,Maritime Ventures Ltd,Corporate,United Kingdom,Medium,legacy_customer_folders/NTC-0011/customer_metadata.json,customer_metadata.json,Metadata,Customer Metadata,Legacy CRM Export,2025-12-14,Permanent,Internal,None,ONBOARDING,Onboarding,22e42a1aa53b68da649b43ce8146d5a753175a36b51093778ada924ca404bafa,No,legacy_customer_folders/NTC-0011/customer_metadata.json
NTC-0011,Maritime Ventures Ltd,Corporate,United Kingdom,Medium,legacy_customer_folders/NTC-0011/01_onboarding/account_opening_application.pdf,account_opening_application.pdf,Onboarding,Application,Legacy Onboarding Portal,2025-12-14,CDD,Confidential,None,ONBOARDING,Onboarding,93ce0e823b43710b95749127c055d8c0d576abd782cf80f11555e775d20cfba6,No,legacy_customer_folders/NTC-0011/01_onboarding/account_opening_application.pdf
NTC-0011,Maritime Ventures Ltd,Corporate,United Kingdom,Medium,legacy_customer_folders/NTC-0011/02_cdd/cdd_risk_review.pdf,cdd_risk_review.pdf,Due Diligence,CDD Review,AML Platform,2025-12-15,CDD,Confidential,None,CDD_REVIEW_2026,CDD Review,1dea5a1b6352a25db4b222f04cd483bf5cc9c50d95286b8d42d2226307f009ff,No,legacy_customer_folders/NTC-0011/02_cdd/cdd_risk_review.pdf
NTC-0011,Maritime Ventures Ltd,Corporate,United Kingdom,Medium,legacy_customer_folders/NTC-0011/03_identity/passport_scan.jpg,passport_scan.jpg,Identity,Passport / ID,Document Store,2025-12-14,CDD,Confidential,None,ONBOARDING,Onboarding,0fd28af41ec2633f0ef06cc6f8b351dab6ee9a8b99dc83446b6899bdc210316f,No,legacy_customer_folders/NTC-0011/03_identity/passport_scan.jpg
NTC-0011,Maritime Ventures Ltd,Corporate,United Kingdom,Medium,legacy_customer_folders/NTC-0011/03_identity/passport_scan.pdf,passport_scan.pdf,Identity,Passport / ID,Document Store,2025-12-14,CDD,Confidential,None,ONBOARDING,Onboarding,f2ce05844b96f5587b97e64a867bbbff82ecea156819331d6a1b86150d135bdc,No,legacy_customer_folders/NTC-0011/03_identity/passport_scan.pdf
NTC-0011,Maritime Ventures Ltd,Corporate,United Kingdom,Medium,legacy_customer_folders/NTC-0011/04_address/proof_of_address_utility_bill.pdf,proof_of_address_utility_bill.pdf,Address,Proof of Address,Document Store,2025-12-16,CDD,Confidential,None,ONBOARDING,Onboarding,3afdf63e6e0cb721b7d55f8dbeb125c74c8dd4711aadee9ef8ccc942fb50b1aa,No,legacy_customer_folders/NTC-0011/04_address/proof_of_address_utility_bill.pdf
NTC-0011,Maritime Ventures Ltd,Corporate,United Kingdom,Medium,legacy_customer_folders/NTC-0011/05_source_of_wealth/source_of_wealth_scan.jpg,source_of_wealth_scan.jpg,Due Diligence,Source of Wealth,AML Platform,2025-12-17,CDD,Confidential,None,CDD_REVIEW_2026,CDD Review,6c91afba5ea84a3221575a64786c25c651cf56d2d3e3695eeb33ac9c529972d7,No,legacy_customer_folders/NTC-0011/05_source_of_wealth/source_of_wealth_scan.jpg
NTC-0011,Maritime Ventures Ltd,Corporate,United Kingdom,Medium,legacy_customer_folders/NTC-0011/05_source_of_wealth/source_of_wealth_scan.pdf,source_of_wealth_scan.pdf,Due Diligence,Source of Wealth,AML Platform,2025-12-17,CDD,Confidential,None,CDD_REVIEW_2026,CDD Review,4d4a6b6a7fd5ee8ba106654d909ae599714541e111473ed4ce9b80c9cd47f657,No,legacy_customer_folders/NTC-0011/05_source_of_wealth/source_of_wealth_scan.pdf
NTC-0011,Maritime Ventures Ltd,Corporate,United Kingdom,Medium,legacy_customer_folders/NTC-0011/05_source_of_wealth/source_of_funds_statement.pdf,source_of_funds_statement.pdf,Due Diligence,Source of Funds,AML Platform,2025-12-18,CDD,Confidential,None,CDD_REVIEW_2026,CDD Review,81c2f2f8c1cf74000fd677cbceb0119c5e4041348a2fedfba4566a39ddb6174a,No,legacy_customer_folders/NTC-0011/05_source_of_wealth/source_of_funds_statement.pdf
NTC-0011,Maritime Ventures Ltd,Corporate,United Kingdom,Medium,legacy_customer_folders/NTC-0011/08_screening/pep_sanctions_screening.pdf,pep_sanctions_screening.pdf,Screening,Screening Evidence,Screening Provider,2025-12-15,CDD,Confidential,None,ONBOARDING,Onboarding,621681feadae31c1fb1117e0a8d14f2af99dc46a86aa3a3827885ec5a9025520,No,legacy_customer_folders/NTC-0011/08_screening/pep_sanctions_screening.pdf
NTC-0011,Maritime Ventures Ltd,Corporate,United Kingdom,Medium,legacy_customer_folders/NTC-0011/09_corporate/company_registry_extract.pdf,company_registry_extract.pdf,Corporate,Company Registry Extract,Company Registry,2025-12-14,CDD,Confidential,None,ONBOARDING,Onboarding,378b0d8c3ff74da5b9654bab502f618b37e63dd0aad9842f6a862f971563fdf1,No,legacy_customer_folders/NTC-0011/09_corporate/company_registry_extract.pdf
NTC-0011,Maritime Ventures Ltd,Corporate,United Kingdom,Medium,legacy_customer_folders/NTC-0011/09_corporate/beneficial_owner_evidence.pdf,beneficial_owner_evidence.pdf,Corporate,Beneficial Owner Evidence,Legacy CRM Export,2025-12-14,CDD,Confidential,None,ONBOARDING,Onboarding,58e50ace0e770e04a693e4331552beae5d59c2d0f291120f9bbb495b61e0f119,No,legacy_customer_folders/NTC-0011/09_corporate/beneficial_owner_evidence.pdf
NTC-0011,Maritime Ventures Ltd,Corporate,United Kingdom,Medium,legacy_customer_folders/NTC-0011/09_corporate/authorised_signatory_id.pdf,authorised_signatory_id.pdf,Corporate,Authorised Signatory ID,Document Store,2025-12-14,CDD,Confidential,None,ONBOARDING,Onboarding,470aa7074eaac658999ad864cfb61b2bcafc812dc76fdaff101edbfcabbe6fc3,No,legacy_customer_folders/NTC-0011/09_corporate/authorised_signatory_id.pdf
NTC-0011,Maritime Ventures Ltd,Corporate,United Kingdom,Medium,legacy_customer_folders/NTC-0011/06_statements/statement_2026_01.pdf,statement_2026_01.pdf,Statements,Monthly Statement,Statement Engine,2026-01-28,CDD,Confidential,None,STATEMENTS_2026_Q1,Statements,c4e626b13cf126d81bd067ac35a8209ce4ff63d80b1deb5d68554c93a35ae289,No,legacy_customer_folders/NTC-0011/06_statements/statement_2026_01.pdf
NTC-0011,Maritime Ventures Ltd,Corporate,United Kingdom,Medium,legacy_customer_folders/NTC-0011/06_statements/statement_2026_02.pdf,statement_2026_02.pdf,Statements,Monthly Statement,Statement Engine,2026-02-28,CDD,Confidential,None,STATEMENTS_2026_Q1,Statements,32500b5a160d5a225a3e41ff25868145f85af68e25284cdca288b052c0dde656,No,legacy_customer_folders/NTC-0011/06_statements/statement_2026_02.pdf
NTC-0011,Maritime Ventures Ltd,Corporate,United Kingdom,Medium,legacy_customer_folders/NTC-0011/06_statements/statement_2026_03.pdf,statement_2026_03.pdf,Statements,Monthly Statement,Statement Engine,2026-03-28,CDD,Confidential,None,STATEMENTS_2026_Q1,Statements,3510d24e3dc1cdb7562ff0fa3ac3ad542ca00dd5dc1b8118290ddfbde237ea8e,No,legacy_customer_folders/NTC-0011/06_statements/statement_2026_03.pdf
NTC-0011,Maritime Ventures Ltd,Corporate,United Kingdom,Medium,legacy_customer_folders/NTC-0011/10_transactions/transactions_q1_2026.csv,transactions_q1_2026.csv,Transactions,Transaction Extract,Core Banking Export,2026-03-31,CDD,Confidential,None,TRANSACTIONS_2026_Q1,Transactions,af900e573e18b6ce0bc5e9ffad78e5314de611dc68cb44310808a93e0ac263df,No,legacy_customer_folders/NTC-0011/10_transactions/transactions_q1_2026.csv
NTC-0011,Maritime Ventures Ltd,Corporate,United Kingdom,Medium,legacy_customer_folders/NTC-0011/07_correspondence/follow_up_documentation.eml,follow_up_documentation.eml,Correspondence,Customer Correspondence,Email Archive,2025-12-19,CDD,Confidential,None,CORRESPONDENCE_2026,Correspondence,91e01d38c36b45d8669ea05ff1db8007a898dcd1ecf61dafff2142587167cd7e,No,legacy_customer_folders/NTC-0011/07_correspondence/follow_up_documentation.eml
NTC-0011,Maritime Ventures Ltd,Corporate,United Kingdom,Medium,legacy_customer_folders/NTC-0011/10_transactions/legacy_archive_payload.bin,legacy_archive_payload.bin,Archive,Legacy Binary Payload,Legacy Archive Export,2025-12-14,Archive,Restricted,None,LEGACY_BULK,Legacy Archive,139738726c826afe5849b65f815bdcb2c07076be5a634b14f1583eb48ff8c40e,No,legacy_customer_folders/NTC-0011/10_transactions/legacy_archive_payload.bin
NTC-0012,Elena Rouget,Individual,Guernsey,High,legacy_customer_folders/NTC-0012/customer_metadata.json,customer_metadata.json,Metadata,Customer Metadata,Legacy CRM Export,2025-12-11,Permanent,Internal,None,ONBOARDING,Onboarding,cc47e4a10e6cc16ca93796ac7349b884908fa518e95b41949d5c955c3364496c,No,legacy_customer_folders/NTC-0012/customer_metadata.json
NTC-0012,Elena Rouget,Individual,Guernsey,High,legacy_customer_folders/NTC-0012/01_onboarding/account_opening_application.pdf,account_opening_application.pdf,Onboarding,Application,Legacy Onboarding Portal,2025-12-11,CDD,Confidential,None,ONBOARDING,Onboarding,3fa350717b125a8fb228d501a71e7f5798e7069d4a7ceaeb3bc9a0c19875918b,No,legacy_customer_folders/NTC-0012/01_onboarding/account_opening_application.pdf
NTC-0012,Elena Rouget,Individual,Guernsey,High,legacy_customer_folders/NTC-0012/02_cdd/cdd_risk_review.pdf,cdd_risk_review.pdf,Due Diligence,CDD Review,AML Platform,2025-12-12,CDD,Confidential,None,CDD_REVIEW_2026,CDD Review,5b3dd11816e82289ee1328553e3070bc8beced4b734de9492d3d1aefbe507e0f,No,legacy_customer_folders/NTC-0012/02_cdd/cdd_risk_review.pdf
NTC-0012,Elena Rouget,Individual,Guernsey,High,legacy_customer_folders/NTC-0012/03_identity/passport_scan.jpg,passport_scan.jpg,Identity,Passport / ID,Document Store,2025-12-11,CDD,Confidential,None,ONBOARDING,Onboarding,6c58fb3406e0d50a48d934b612e8d75571782ff116f5a87db9295208415a2ffc,No,legacy_customer_folders/NTC-0012/03_identity/passport_scan.jpg
NTC-0012,Elena Rouget,Individual,Guernsey,High,legacy_customer_folders/NTC-0012/03_identity/passport_scan.pdf,passport_scan.pdf,Identity,Passport / ID,Document Store,2025-12-11,CDD,Confidential,None,ONBOARDING,Onboarding,d95e3e777a5694c8f5a9cd86befc69cf12c05a9539bd6343fab21e674c46087b,No,legacy_customer_folders/NTC-0012/03_identity/passport_scan.pdf
NTC-0012,Elena Rouget,Individual,Guernsey,High,legacy_customer_folders/NTC-0012/04_address/proof_of_address_utility_bill.pdf,proof_of_address_utility_bill.pdf,Address,Proof of Address,Document Store,2025-12-13,CDD,Confidential,None,ONBOARDING,Onboarding,6ee6a3996a1f0fd463440f4c02c705b55f989cad65776b60fbe2905355396448,No,legacy_customer_folders/NTC-0012/04_address/proof_of_address_utility_bill.pdf
NTC-0012,Elena Rouget,Individual,Guernsey,High,legacy_customer_folders/NTC-0012/05_source_of_wealth/source_of_wealth_scan.jpg,source_of_wealth_scan.jpg,Due Diligence,Source of Wealth,AML Platform,2025-12-14,CDD,Confidential,None,CDD_REVIEW_2026,CDD Review,e6269c36cd133d23fcdcd1ba77fc15774e488137a5b6848542d650bb8ab7aa8e,No,legacy_customer_folders/NTC-0012/05_source_of_wealth/source_of_wealth_scan.jpg
NTC-0012,Elena Rouget,Individual,Guernsey,High,legacy_customer_folders/NTC-0012/05_source_of_wealth/source_of_wealth_scan.pdf,source_of_wealth_scan.pdf,Due Diligence,Source of Wealth,AML Platform,2025-12-14,CDD,Confidential,None,CDD_REVIEW_2026,CDD Review,dfd2e3bef53b1d61bc5a162e9c3c332f1ca3fac1dcb84b4ace6a8607c58a6db5,No,legacy_customer_folders/NTC-0012/05_source_of_wealth/source_of_wealth_scan.pdf
NTC-0012,Elena Rouget,Individual,Guernsey,High,legacy_customer_folders/NTC-0012/05_source_of_wealth/source_of_funds_statement.pdf,source_of_funds_statement.pdf,Due Diligence,Source of Funds,AML Platform,2025-12-15,CDD,Confidential,None,CDD_REVIEW_2026,CDD Review,051606fe9b266ab08d534a5c31d5b1813c2f05c3440b853e41064d34bafcbe9b,No,legacy_customer_folders/NTC-0012/05_source_of_wealth/source_of_funds_statement.pdf
NTC-0012,Elena Rouget,Individual,Guernsey,High,legacy_customer_folders/NTC-0012/08_screening/pep_sanctions_screening.pdf,pep_sanctions_screening.pdf,Screening,Screening Evidence,Screening Provider,2025-12-12,CDD,Confidential,None,ONBOARDING,Onboarding,0da55ea34b642826202259ef2468f0e3d8c66a667b7b5d4cf090e8800c9f9004,No,legacy_customer_folders/NTC-0012/08_screening/pep_sanctions_screening.pdf
NTC-0012,Elena Rouget,Individual,Guernsey,High,legacy_customer_folders/NTC-0012/06_statements/statement_2026_01.pdf,statement_2026_01.pdf,Statements,Monthly Statement,Statement Engine,2026-01-28,CDD,Confidential,None,STATEMENTS_2026_Q1,Statements,de158c509811042e2c480237771b605c259fca85b043eda45f5c6c06cba7321e,No,legacy_customer_folders/NTC-0012/06_statements/statement_2026_01.pdf
NTC-0012,Elena Rouget,Individual,Guernsey,High,legacy_customer_folders/NTC-0012/06_statements/statement_2026_02.pdf,statement_2026_02.pdf,Statements,Monthly Statement,Statement Engine,2026-02-28,CDD,Confidential,None,STATEMENTS_2026_Q1,Statements,3f2b4a370227b895331f809577c93f5252a4fe4fa14560a444ab4a4aebef9738,No,legacy_customer_folders/NTC-0012/06_statements/statement_2026_02.pdf
NTC-0012,Elena Rouget,Individual,Guernsey,High,legacy_customer_folders/NTC-0012/06_statements/statement_2026_03.pdf,statement_2026_03.pdf,Statements,Monthly Statement,Statement Engine,2026-03-28,CDD,Confidential,None,STATEMENTS_2026_Q1,Statements,92b6511e9fbd021f5002829f580bcd579d717d85cc800321f074855b6b8656e1,No,legacy_customer_folders/NTC-0012/06_statements/statement_2026_03.pdf
NTC-0012,Elena Rouget,Individual,Guernsey,High,legacy_customer_folders/NTC-0012/10_transactions/transactions_q1_2026.csv,transactions_q1_2026.csv,Transactions,Transaction Extract,Core Banking Export,2026-03-31,CDD,Confidential,None,TRANSACTIONS_2026_Q1,Transactions,373ced35fdd65d78a5c7a2176b2aead06b5774b686c6b2e3a80c13810c64797a,No,legacy_customer_folders/NTC-0012/10_transactions/transactions_q1_2026.csv
NTC-0012,Elena Rouget,Individual,Guernsey,High,legacy_customer_folders/NTC-0012/07_correspondence/follow_up_documentation.eml,follow_up_documentation.eml,Correspondence,Customer Correspondence,Email Archive,2025-12-16,CDD,Confidential,None,CORRESPONDENCE_2026,Correspondence,d2674fcaed884c8e746fbe4dc0e1c800ab707b8dda5692018e880a321a4905a5,No,legacy_customer_folders/NTC-0012/07_correspondence/follow_up_documentation.eml
NTC-0012,Elena Rouget,Individual,Guernsey,High,legacy_customer_folders/NTC-0012/10_transactions/legacy_archive_payload.bin,legacy_archive_payload.bin,Archive,Legacy Binary Payload,Legacy Archive Export,2025-12-11,Archive,Restricted,None,LEGACY_BULK,Legacy Archive,00afa3cad3d69aa41196ed3e967c9f69f94e9698ba0e00feb719e8e0a86433d7,No,legacy_customer_folders/NTC-0012/10_transactions/legacy_archive_payload.bin
